block_date,usd_amount,markout_next_bps,markout_15s_bps
2026-05-14,439.6525,1.633786,9.045393
2026-05-14,45.0728,3.000363,2.734393
2026-05-14,146.1713,1.124855,1.254854
2026-05-14,366.5159,-0.271328,0.169612
2026-05-14,4874.1607,0.569041,0.569041
2026-05-14,41539.6588,6.616065,-2.299895
2026-05-14,331.4868,3.755012,2.298236
2026-05-14,156.8247,8.149520,5.634817
2026-05-14,369.7880,5.641453,5.641453
2026-05-14,1004.9611,-0.388687,0.143198
2026-05-14,431.5153,1.769180,1.769180
2026-05-14,640.8776,2.227589,1.226918
2026-05-14,14201.8520,5.751395,4.540325
2026-05-14,6737.7770,0.865123,0.821605
2026-05-14,632.3196,2.909526,-4.287539
2026-05-14,5378.0300,6.773911,8.082591
2026-05-14,148.4484,5.902855,5.902855
2026-05-14,510.8737,5.683040,4.494689
2026-05-14,445.4055,2.713178,2.713178
2026-05-14,1856.5934,-0.205651,1.684886
2026-05-14,2979.3058,10.063317,9.442029
2026-05-14,1469.9184,-1.896809,-1.634916
2026-05-14,1455.5950,1.887336,-4.784391
2026-05-14,95.8754,-0.573010,-3.635490
2026-05-14,285.9966,1.431819,0.210788
2026-05-14,1041.1271,9.837264,13.692488
2026-05-14,1446.7552,8.295866,8.122392
2026-05-14,427.6586,9.719093,11.390911
2026-05-14,9073.1674,0.703477,2.125982
2026-05-14,502.3730,0.878930,0.080744
2026-05-14,2979.2185,5.605669,1.606640
2026-05-14,459.6167,2.174828,4.092312
2026-05-14,626.2006,8.856592,12.407744
2026-05-14,2997.5474,3.822910,3.379039
2026-05-14,2438.4417,-0.569226,6.318720
2026-05-14,1455.6668,11.459856,12.243402
2026-05-14,2129.0748,5.922761,7.593537
2026-05-14,1223.4751,11.465314,7.565007
2026-05-14,2530.2516,1.063863,3.101370
2026-05-14,396.2337,9.053250,10.103089
2026-05-14,499.1940,3.375157,3.198539
2026-05-14,122.9284,1.738441,1.002219
2026-05-14,2995.5948,2.475617,4.586502
2026-05-14,1.1289,2.256304,2.256304
2026-05-14,2001.5806,3.050945,3.754721
2026-05-14,599.4857,0.529514,-1.760657
2026-05-14,4351.5075,9.722848,9.722848
2026-05-14,356.5966,10.136150,7.168542
2026-05-14,162.7812,7.273159,7.273159
2026-05-14,396.2354,2.269803,3.496252
2026-05-14,130.3273,4.711652,2.585273
2026-05-14,1534.5283,8.920728,11.000014
2026-05-14,1192.7875,0.530976,1.319977
2026-05-14,384.0652,3.125948,3.125948
2026-05-14,2000.6601,9.117128,10.285058
2026-05-14,2553.6460,8.836619,9.055602
2026-05-14,1296.8338,1.536198,2.358588
2026-05-14,2993.2089,-1.508911,2.593242
2026-05-14,5003.5149,3.692210,-3.811309
2026-05-14,81.4531,9.354059,10.783061
2026-05-14,4345.5083,-0.496549,-3.324875
2026-05-14,2909.4062,1.704493,4.954555
2026-05-14,1.1284,8.086011,9.455544
2026-05-14,1832.0005,1.592418,3.843614
2026-05-14,228.6007,3.456317,3.194980
2026-05-14,542.7079,7.947579,11.055695
2026-05-14,996.4843,5.282306,1.295643
2026-05-14,616.0354,7.845771,8.049130
2026-05-14,1292.7995,11.025075,10.851953
2026-05-14,3001.1576,9.528611,11.557245
2026-05-14,47.5334,8.239293,12.872335
2026-05-14,70.7715,6.404560,8.882801
2026-05-14,3987.5434,1.096116,0.254262
2026-05-14,2967.1319,6.847404,6.716556
2026-05-14,1431.2656,2.861302,2.596944
2026-05-14,245906.7262,17.664708,16.970235
2026-05-14,3010.7931,10.972539,12.957216
2026-05-14,342.9746,1.007657,1.007657
2026-05-14,774.0787,-0.629803,-0.889286
2026-05-14,130.8819,8.260884,8.996571
2026-05-14,1405.6073,-0.086559,-3.385335
2026-05-14,3004.0915,10.461033,6.519514
2026-05-14,219.8539,1.224364,7.799930
2026-05-14,61.0401,0.247768,2.277731
2026-05-14,30091.8553,5.864087,5.081895
2026-05-14,2992.0969,2.734615,1.187902
2026-05-14,4499.6370,3.182567,-1.092943
2026-05-14,738.1057,4.093139,5.371904
2026-05-14,827.8988,5.236759,3.738244
2026-05-14,351.4298,2.058918,-2.579140
2026-05-14,2598.5906,2.866661,-0.345065
2026-05-14,224.4219,-0.365826,-0.971187
2026-05-14,0.3903,3.685335,3.167240
2026-05-14,1.7740,3.654247,1.702377
2026-05-14,558.2203,9.685937,11.409117
2026-05-14,1762.5710,0.268331,0.268331
2026-05-14,2658.9756,6.619447,5.915872
2026-05-14,30.0232,-0.013455,0.902706
2026-05-14,9577.2586,4.140086,6.038648
2026-05-14,546.9487,7.137577,10.346899
2026-05-14,2990.3255,10.161520,10.161520
2026-05-14,1130.7202,4.497467,5.425105
2026-05-14,2377.4319,5.052755,7.789365
2026-05-14,55.9212,1.998580,0.809880
2026-05-14,600.5946,3.076859,1.311745
2026-05-14,1168.2549,1.094917,1.960539
2026-05-14,41.9595,3.818406,3.774309
2026-05-14,1.1253,-0.051733,1.058897
2026-05-14,552.0320,6.762629,7.248185
2026-05-14,490.5480,9.077760,7.435426
2026-05-14,7163.7421,7.407840,8.453074
2026-05-14,3004.2694,9.562834,8.774484
2026-05-14,603.3549,10.652090,6.710647
2026-05-14,1.7740,-0.750018,2.933050
2026-05-14,105.1864,10.125587,8.911505
2026-05-14,1068.4667,3.685138,4.572912
2026-05-14,382.5006,1.127328,-3.493884
2026-05-14,136.4022,9.179349,11.935830
2026-05-14,2988.8008,4.582344,2.197149
2026-05-14,909.1705,0.171801,0.215410
2026-05-14,308.9247,4.824491,5.820192
2026-05-14,2966.1773,8.492623,10.149724
2026-05-14,688.8700,-0.941451,-2.335308
2026-05-14,2.6049,0.495096,0.495096
2026-05-14,2553.5157,6.149402,1.945144
2026-05-14,2996.4166,10.214105,11.181849
2026-05-14,567.5891,9.956096,10.434289
2026-05-14,275.9442,9.195428,11.671501
2026-05-14,2119.5338,4.839806,3.168732
2026-05-14,1852.9265,1.768851,0.084024
2026-05-14,28018.5108,2.939706,2.113860
2026-05-14,5270.5972,-1.996209,-0.421352
2026-05-14,1263.0045,10.843369,2.414489
2026-05-14,2008.0738,9.766183,7.638111
2026-05-14,2966.9496,6.065722,3.622127
2026-05-14,316.1933,0.740149,4.721002
2026-05-14,1456.2677,2.204738,4.010678
2026-05-14,1400.6481,1.108934,0.762004
2026-05-14,5922.8128,2.354649,-5.777740
2026-05-14,272.0396,4.385886,2.343631
2026-05-14,12779.7750,0.720708,-1.514272
2026-05-14,2510.7640,13.831129,13.007204
2026-05-14,827.8830,3.884464,5.911738
2026-05-14,2001.5081,3.412935,4.116687
2026-05-14,2000.9272,7.523885,12.369278
2026-05-14,746.2898,0.819264,0.819264
2026-05-14,0.5798,9.405917,9.405917
2026-05-14,2988.0401,0.709819,0.449682
2026-05-14,991.2911,5.001509,3.486233
2026-05-14,2990.9381,7.206153,4.299941
2026-05-14,2999.5149,8.113773,9.862995
2026-05-14,38.3047,8.103171,11.687120
2026-05-14,982.7097,3.913177,5.956527
2026-05-14,2996.8309,9.888545,11.560335
2026-05-14,2959.6024,0.701466,-7.648879
2026-05-14,20157.0007,0.448442,-1.763432
2026-05-14,7.2244,7.227994,6.362668
2026-05-14,1819.9864,0.952042,0.341097
2026-05-14,1446.7743,8.163746,7.990270
2026-05-14,369.7867,5.677055,5.677055
2026-05-14,149.7295,1.206412,2.004844
2026-05-14,5108.6458,-0.271169,-0.271169
2026-05-14,90.4711,2.369997,7.270699
2026-05-14,50.7285,6.920921,8.290856
2026-05-14,2495.1557,0.496207,2.376910
2026-05-14,773.3411,4.808116,6.579543
2026-05-14,3605.9401,-0.007544,-0.095149
2026-05-14,9.5949,1.817550,2.383244
2026-05-14,29929.9181,15.971430,17.610789
2026-05-14,0.0053,10.334242,9.630086
2026-05-14,1459.8564,2.276442,4.141063
2026-05-14,189.3100,-1.251877,0.673970
2026-05-14,57.2827,6.793334,17.895861
2026-05-14,377.0239,9.514722,14.540106
2026-05-14,599.0901,6.641337,7.988979
2026-05-14,17313.4736,3.411013,5.612539
2026-05-14,56534.7187,3.028326,1.926087
2026-05-14,467.6665,10.255769,10.429984
2026-05-14,423.1239,9.598204,9.598204
2026-05-14,9.9433,8.257948,15.359446
2026-05-14,2530.3261,4.458437,-1.220269
2026-05-14,276394.4615,20.890862,19.675758
2026-05-14,453.3351,2.161220,0.486271
2026-05-14,47026.5284,-3.851969,-4.272033
2026-05-14,2314.3935,5.447041,7.102053
2026-05-14,77.1436,0.916238,-0.583560
2026-05-14,1299.2947,5.805558,6.897813
2026-05-14,2762.3966,4.739246,4.739246
2026-05-14,2507.9562,1.766359,2.831840
2026-05-14,2071.6599,0.795589,0.751065
2026-05-14,8506.4987,1.153573,5.142593
2026-05-14,1043.1829,0.171354,0.171354
2026-05-14,1443.8039,11.149906,10.976787
2026-05-14,14.7082,8.665757,8.361351
2026-05-14,1087.5951,1.772320,7.858968
2026-05-14,13035.2476,7.874229,7.874229
2026-05-14,1331.3964,9.884837,12.117270
2026-05-14,12703.1317,5.718598,4.507041
2026-05-14,35581.8070,1.460410,9.006889
2026-05-14,269.4558,-0.383498,-3.690899
2026-05-14,1866.4372,9.180032,12.603685
2026-05-14,2069.9233,3.616435,2.417725
2026-05-14,3011.7567,9.760901,10.882685
2026-05-14,34655.0437,5.395891,8.780162
2026-05-14,252.1982,3.589455,0.502053
2026-05-14,492.8066,10.005469,6.788548
2026-05-14,5.0007,9.773537,13.401528
2026-05-14,774.2622,3.877461,-1.399946
2026-05-14,2001.9954,0.412811,2.091502
2026-05-14,1998.6660,13.633279,12.809338
2026-05-14,2987.3556,8.245353,0.833153
2026-05-14,1252.5618,5.360934,1.403634
2026-05-14,5.2032,8.787154,10.026761
2026-05-14,0.0290,5.978025,5.978025
2026-05-14,1322.1959,4.373433,1.988189
2026-05-14,1.5682,8.290084,7.979442
2026-05-14,1772.6235,7.074741,5.170218
2026-05-14,638.5412,5.888539,3.444900
2026-05-14,2977.9450,9.034160,12.585249
2026-05-14,56642.4052,4.851179,4.542053
2026-05-14,10009.4747,4.280684,3.024764
2026-05-14,3012.2098,0.671593,3.489974
2026-05-14,2998.8580,8.407137,9.142814
2026-05-14,2634.2882,7.322423,9.440109
2026-05-14,954.9666,6.282659,5.441077
2026-05-14,9392.3146,2.293669,3.173267
2026-05-14,507.5360,2.511717,-0.845464
2026-05-14,1561.8116,1.351910,3.607449
2026-05-14,1330.7491,9.743854,11.976319
2026-05-14,1009.9046,7.927314,7.927314
2026-05-14,2598.4317,2.600869,-0.610942
2026-05-14,1642.1281,2.425438,4.290032
2026-05-14,276.0331,4.875218,5.049110
2026-05-14,960.3787,9.082977,7.567956
2026-05-14,599.3114,9.746654,10.714444
2026-05-14,1.1282,10.037110,10.037110
2026-05-14,228.6017,3.499882,2.541593
2026-05-14,405.3594,1.852895,1.287125
2026-05-14,2994.9374,6.176492,7.847226
2026-05-14,25.4645,8.905793,17.071153
2026-05-14,2071.6153,0.610091,0.209381
2026-05-14,427.6144,9.695840,10.663635
2026-05-14,136.7225,4.530137,6.260881
2026-05-14,2218.6473,3.880706,4.805093
2026-05-14,92726.0373,11.754962,9.406480
2026-05-14,529.0924,5.560446,3.591895
2026-05-14,998.8711,0.747274,-1.242051
2026-05-14,2987.4130,1.898033,-2.740099
2026-05-14,206.3347,0.785965,0.002322
2026-05-14,892.4277,12.503433,9.774721
2026-05-14,65.4264,9.404427,9.145516
2026-05-14,2656.2316,10.008408,10.543017
2026-05-14,22.2503,7.388644,8.998612
2026-05-14,45.8520,9.210819,10.277411
2026-05-14,331.4878,3.723028,2.266247
2026-05-14,2658.8793,6.277752,6.805415
2026-05-14,437.8666,0.105586,-3.045372
2026-05-14,4881.1104,2.186159,1.122715
2026-05-14,13442.9523,9.127218,12.755444
2026-05-14,2999.8762,8.659375,11.852091
2026-05-14,2711.0278,1.726616,1.859276
2026-05-14,2999.9284,10.000525,12.819081
2026-05-14,1.1284,7.310545,12.790798
2026-05-14,2254.8905,2.487418,-2.362769
2026-05-14,14312.6282,8.269412,5.966788
2026-05-14,228.6002,3.478089,3.216753
2026-05-14,2993.5503,8.017527,3.452147
2026-05-14,4509.4400,-0.093859,2.831240
2026-05-14,1524.7916,5.984499,8.323411
2026-05-14,275.9434,9.221128,11.697195
2026-05-14,2618.8288,9.034707,11.791227
2026-05-14,3001.2444,8.754570,10.606855
2026-05-14,3002.7289,7.583452,9.920641
2026-05-14,1996.0806,0.965641,0.965641
2026-05-14,5345.3667,0.911351,-2.131082
2026-05-14,276.0338,6.370869,2.370887
2026-05-14,1145.9260,1.154133,1.154133
2026-05-14,1610.1329,4.446215,6.176973
2026-05-14,2367.8777,7.928435,9.895443
2026-05-14,416.4035,2.440938,3.530193
2026-05-14,4985.3109,-0.220148,-7.338468
2026-05-14,972.1146,4.981936,4.981936
2026-05-14,4343.9475,1.059044,1.361359
2026-05-14,2995.2672,4.679991,5.075734
2026-05-14,2511.1330,10.804655,17.460388
2026-05-14,8.3408,2.318224,3.338901
2026-05-14,1951.4075,6.540002,6.540002
2026-05-14,3010.7108,11.245583,13.230205
2026-05-14,45.9990,7.086836,5.439697
2026-05-14,162.7810,7.288318,3.634047
2026-05-14,2997.3665,-0.537026,-0.188459
2026-05-14,3000.6566,9.513672,4.580000
2026-05-14,142.4197,5.184742,5.750002
2026-05-14,13946.2766,13.442103,15.483859
2026-05-14,1323.8718,5.117097,5.682361
2026-05-14,146.1710,3.515705,1.059014
2026-05-14,399.5316,2.610291,2.255807
2026-05-14,7333.9845,10.367992,7.140332
2026-05-14,1223.2491,0.471860,2.723414
2026-05-14,1319.9169,7.877774,17.055960
2026-05-14,2553.7151,8.566095,8.785084
2026-05-14,1848.2282,4.694167,4.210471
2026-05-14,17138.1319,1.242430,-0.195879
2026-05-14,79832.4060,6.281852,9.347699
2026-05-14,49.7941,2.481509,2.481509
2026-05-14,22.6194,7.618677,8.235180
2026-05-14,1998.9620,10.595194,17.251066
2026-05-14,366.6757,1.842957,0.563662
2026-05-14,1408.5228,5.782140,2.562616
2026-05-14,12117.2916,-0.415273,-3.784334
2026-05-14,328.8304,2.052145,-1.080978
2026-05-14,1224.4343,4.482463,1.698436
2026-05-14,552.6761,4.495908,1.536050
2026-05-14,2925.1652,9.921070,10.888843
2026-05-14,2267.1915,8.478827,5.894894
2026-05-14,2324.3311,9.740961,10.275585
2026-05-14,1665.0921,9.115959,7.415401
2026-05-14,1970.2890,3.490172,0.326164
2026-05-14,48.2339,1.074098,-1.869800
2026-05-14,2055.1563,0.308774,0.134790
2026-05-14,172.0741,2.408099,2.672336
2026-05-14,990.9254,4.905539,3.390249
2026-05-14,1223.3994,12.183079,10.610207
2026-05-14,4713.0537,1.471804,7.558635
2026-05-14,793.3591,3.872334,3.872334
2026-05-14,331.4889,5.456275,5.456275
2026-05-14,699.6519,0.701285,2.354396
2026-05-14,599.1322,2.639541,-0.772063
2026-05-14,2257.6388,1.444039,0.833124
2026-05-14,677.2363,2.923243,5.324155
2026-05-14,1232.4260,3.668141,3.668141
2026-05-14,248.6089,4.919202,3.136815
2026-05-14,9538.1307,1.029431,1.942740
2026-05-14,979.3987,2.238087,-0.507547
2026-05-14,774.6470,-0.558187,2.687701
2026-05-14,15423.8531,4.845983,-2.912929
2026-05-14,5694.2065,-1.333083,0.183876
2026-05-14,4563.8413,-0.053403,-5.349823
2026-05-14,0.6756,1.823235,2.400039
2026-05-14,366.5070,5.924738,4.646044
2026-05-14,11052.7108,1.117009,-0.138341
2026-05-14,2987.6212,1.331189,3.368641
2026-05-14,216.5575,2.792209,0.673113
2026-05-14,2995.1783,4.976651,5.372383
2026-05-14,1366.8431,2.910267,0.798304
2026-05-14,1.4509,8.031313,9.537993
2026-05-14,299.2586,5.569337,7.173548
2026-05-14,3002.9543,0.383901,1.336161
2026-05-14,38.7735,0.084160,-11.984890
2026-05-14,1167.8988,8.181914,11.323957
2026-05-14,693.8882,8.230789,10.264472
2026-05-14,289.4096,8.048939,10.298668
2026-05-14,3008.6081,6.276814,6.276814
2026-05-14,1470.7094,0.021918,1.155656
2026-05-14,5640.9807,4.754947,5.856402
2026-05-14,2991.3566,1.143452,-3.893165
2026-05-14,5702.6880,1.513409,2.396264
2026-05-14,2995.4429,5.093094,3.422061
2026-05-14,228.6012,3.521654,2.563368
2026-05-14,27.3071,4.231915,7.291525
2026-05-14,22.1931,3.308531,13.010310
2026-05-14,680.8738,0.255155,0.125522
2026-05-14,2981.4198,2.960974,5.934560
2026-05-14,331.4899,5.424327,5.424327
2026-05-14,23.5854,9.433991,10.256016
2026-05-14,276.0345,6.345170,2.345178
2026-05-14,2997.2175,1.896427,0.260094
2026-05-14,366.5190,0.559793,2.379445
2026-05-14,6210.9225,10.001325,10.665207
2026-05-14,5376.8231,9.123446,6.745741
2026-05-14,827.5709,8.805470,5.248325
2026-05-14,78.2537,8.187948,10.479306
2026-05-14,276.0324,4.900921,5.074812
2026-05-14,4323.6397,2.672986,2.672986
2026-05-14,1253.9147,4.207085,4.337521
2026-05-14,30.3948,0.853747,0.853747
2026-05-14,1223.4916,-0.509861,-4.810604
2026-05-14,599.1860,0.617975,0.877108
2026-05-14,747.5160,0.734515,0.690221
2026-05-14,38224.7190,-0.786780,5.141032
2026-05-14,366.5083,6.242186,5.889441
2026-05-14,70.2382,0.621403,-1.823715
2026-05-14,695.8573,2.339154,1.647306
2026-05-14,50.4102,2.697360,0.886227
2026-05-14,1223.4955,0.847500,2.453458
2026-05-14,9214.6641,8.380744,7.600472
2026-05-14,2974.1341,4.058586,4.943407
2026-05-14,0.9981,1.923019,0.463578
2026-05-14,2998.0686,13.401269,12.577308
2026-05-14,702.9757,-0.662708,-0.352948
2026-05-14,45.9990,5.097206,9.430917
2026-05-14,2995.1959,7.849931,8.072839
2026-05-14,70739.8217,4.590005,4.721083
2026-05-14,4.9801,4.900825,0.565149
2026-05-14,88.0415,5.682183,5.682183
2026-05-14,33.4467,9.720354,9.896654
2026-05-14,1676.1315,2.687212,3.298531
2026-05-14,11172.6998,4.341772,5.403622
2026-05-14,2936.4096,5.314425,5.314425
2026-05-14,774.6525,-0.628728,2.617183
2026-05-14,2152.4777,1.284486,3.065314
2026-05-14,14540.0086,-2.382963,-4.636929
2026-05-14,2291.7633,7.737359,3.171851
2026-05-14,0.2279,7.964383,11.800664
2026-05-14,770.2093,1.984780,-0.668627
2026-05-14,1.0000,3.481114,3.481114
2026-05-14,2038.8166,-0.329660,0.202222
2026-05-14,1169.4593,5.272177,5.755822
2026-05-14,91155.1506,15.251159,18.314254
2026-05-14,543.2656,9.729962,10.995678
2026-05-14,452.1674,2.725998,2.991553
2026-05-14,20.6189,8.109311,7.667398
2026-05-14,3009.5530,11.048215,13.254184
2026-05-14,2379.2668,0.455335,-7.895215
2026-05-14,4.9688,-0.014751,0.901411
2026-05-14,749.8118,7.313949,5.365233
2026-05-14,166.0403,11.260325,11.260325
2026-05-14,2982.5315,3.555652,5.338507
2026-05-14,2553.4470,6.418164,2.214019
2026-05-14,603.3907,9.929099,9.259851
2026-05-14,699.4184,3.736983,4.308642
2026-05-14,2970.5810,1.827913,2.963030
2026-05-14,112.3152,1.343365,4.099402
2026-05-14,1068.4841,7.915008,9.112432
2026-05-14,84.4584,0.314570,-0.616989
2026-05-14,151.9132,9.573932,11.351360
2026-05-14,2995.3137,6.899398,6.195842
2026-05-14,28.4501,1.180787,1.180787
2026-05-14,456.4112,6.857124,8.266703
2026-05-14,773.3357,8.248650,10.408912
2026-05-14,366.6770,1.807637,1.807637
2026-05-14,492.8043,10.051356,6.834451
2026-05-14,44723.6094,3.864718,5.615795
2026-05-14,2714.2790,0.402251,-2.199096
2026-05-14,589.4372,7.447914,4.267999
2026-05-14,773.6179,-0.497583,-0.886572
2026-05-14,2993.0680,1.187342,0.576412
2026-05-14,22.8656,0.295175,0.737958
2026-05-14,1832.7567,-1.395659,-1.395659
2026-05-14,2227.5382,4.539592,2.692242
2026-05-14,2335.2006,10.436803,12.620519
2026-05-14,835.3748,5.364275,4.481511
2026-05-14,231.3055,7.879676,14.835435
2026-05-14,148535.4856,9.770877,10.727569
2026-05-14,2997.2823,-0.256162,0.092395
2026-05-14,245462.4654,17.418645,13.286502
2026-05-14,401.4387,7.783169,7.783169
2026-05-14,2990.4132,9.868790,9.868790
2026-05-14,18.7498,1.227534,1.447869
2026-05-14,2995.0894,5.669018,7.339836
2026-05-14,1991.6170,8.011475,0.599101
2026-05-15,19.0621,6.545662,8.770142
2026-05-15,21.4478,3.724577,3.724577
2026-05-15,1211.1172,5.982361,9.962430
2026-05-15,28.6551,3.876367,2.862345
2026-05-15,877.0612,6.314027,6.226027
2026-05-15,53.9864,-0.151362,-6.394893
2026-05-15,2763.2443,8.546884,11.663952
2026-05-15,2995.6945,5.714117,5.494082
2026-05-15,22.1083,4.937813,16.034842
2026-05-15,1155.1950,-1.922125,2.492243
2026-05-15,805.0178,1.955731,1.955731
2026-05-15,57658.4658,2.384247,4.317339
2026-05-15,1569.6757,8.316643,11.134234
2026-05-15,2989.5683,7.936397,6.802023
2026-05-15,1279.8826,9.443531,8.745029
2026-05-15,3001.0332,7.607886,5.970830
2026-05-15,3004.4800,1.550997,1.683664
2026-05-15,21.5686,-0.418107,1.739475
2026-05-15,16394.8637,3.161542,3.341178
2026-05-15,41.7036,5.542673,7.650040
2026-05-15,777.3598,6.324566,6.324566
2026-05-15,10.2131,2.602146,1.587135
2026-05-15,42.1402,-0.387078,0.054028
2026-05-15,3006.4441,7.956179,11.073430
2026-05-15,1269.3219,5.560002,5.648009
2026-05-15,2055.0916,0.785981,-2.097960
2026-05-15,9596.5993,4.606210,9.615133
2026-05-15,1968.7922,1.411793,-1.708474
2026-05-15,16210.9071,4.613426,2.678529
2026-05-15,1.5835,5.641120,5.641120
2026-05-15,6716.7392,-0.075665,2.448561
2026-05-15,3010.3448,0.756516,2.995953
2026-05-15,4534.3571,4.855023,5.780012
2026-05-15,51005.5803,12.288013,12.826259
2026-05-15,235.7346,3.961832,6.349193
2026-05-15,2950.3853,-0.578178,2.459110
2026-05-15,451.1823,1.138753,0.429823
2026-05-15,6583.4298,1.330084,-3.185018
2026-05-15,18810.8417,5.596391,5.464181
2026-05-15,1694.1129,0.745762,1.502386
2026-05-15,1939.4666,6.230379,6.010454
2026-05-15,5957.3368,0.483258,-1.066372
2026-05-15,2599.0389,1.800664,3.388125
2026-05-15,3000.7796,9.137415,15.583716
2026-05-15,2992.5830,2.480509,3.889227
2026-05-15,1001.0483,0.927149,1.710702
2026-05-15,1564.2060,0.154698,-0.411390
2026-05-15,36.7544,2.151703,-4.222986
2026-05-15,804.2344,8.646346,12.297538
2026-05-15,20746.1080,5.291702,5.291702
2026-05-15,509.3259,3.298896,2.983702
2026-05-15,132.8387,8.807428,11.773258
2026-05-15,4405.4875,2.055674,-5.683147
2026-05-15,2988.9136,3.537941,5.239128
2026-05-15,17773.8755,1.100900,1.235429
2026-05-15,1098.4599,2.701886,6.731992
2026-05-15,877.0688,6.228044,6.140043
2026-05-15,2986.3908,6.838901,15.941874
2026-05-15,2998.3779,0.576454,-7.943902
2026-05-15,311.4901,1.587493,0.523830
2026-05-15,2992.1042,-1.141962,1.462714
2026-05-15,2265.8355,7.364912,8.878040
2026-05-15,3004.2251,0.364050,1.776755
2026-05-15,2618.7446,6.467519,3.066759
2026-05-15,2577.0177,0.239855,3.707612
2026-05-15,3007.5387,6.833450,6.833450
2026-05-15,877.1104,5.665138,5.753144
2026-05-15,56613.9690,3.789586,6.028345
2026-05-15,23205.2059,7.825772,7.166773
2026-05-15,528.7522,5.847861,8.280816
2026-05-15,1194.0070,4.557922,4.777978
2026-05-15,14403.2182,7.531697,8.762943
2026-05-15,916.9761,7.125374,2.197158
2026-05-15,264.3211,9.097379,11.296115
2026-05-15,2640.1378,6.602197,2.119375
2026-05-15,2991.8898,5.269924,7.481392
2026-05-15,2.4111,6.920112,14.437334
2026-05-15,3357.8901,8.750108,11.444323
2026-05-15,2723.2864,3.402733,6.546104
2026-05-15,1744.2046,-0.234683,2.231190
2026-05-15,2364.9525,4.996335,4.996335
2026-05-15,2988.7423,5.070738,5.768621
2026-05-15,1175.4963,3.845388,3.757366
2026-05-15,2000.9454,9.169111,7.409724
2026-05-15,7973.7470,4.314150,3.548658
2026-05-15,1571.1882,4.222056,4.133921
2026-05-15,2577.0846,0.857976,0.419008
2026-05-15,1057.7472,8.195884,8.195884
2026-05-15,6674.6128,0.892482,0.358927
2026-05-15,25576.7693,3.734336,-2.076595
2026-05-15,3002.3825,6.753673,6.005858
2026-05-15,44857.3028,6.002979,1.302811
2026-05-15,57.0386,3.454220,2.742806
2026-05-15,2998.2279,9.196355,8.150619
2026-05-15,6.4355,0.489258,3.018718
2026-05-15,207.9883,1.590144,1.281220
2026-05-15,559.1523,0.539863,5.158210
2026-05-15,17044.5314,0.627547,0.008611
2026-05-15,997.5539,1.308194,-0.735988
2026-05-15,119274.8425,11.933986,11.403500
2026-05-15,5367.4003,-0.020418,0.509619
2026-05-15,690.6133,9.105192,7.013364
2026-05-15,524.6560,6.281053,6.426130
2026-05-15,252.7132,6.627306,6.943210
2026-05-15,3007.3572,7.056594,7.540730
2026-05-15,954.7645,0.353339,-0.834657
2026-05-15,1.0008,5.109035,4.665674
2026-05-15,996.7776,9.704081,10.018174
2026-05-15,2802.4988,0.261074,-4.621490
2026-05-15,5829.7405,3.884494,3.574446
2026-05-15,493.5977,4.155249,5.771570
2026-05-15,3002.2925,7.053055,6.305263
2026-05-15,3001.0834,4.203940,5.697860
2026-05-15,2971.3059,-1.500422,-1.764228
2026-05-15,531.0683,9.281438,5.859480
2026-05-15,3006.6809,9.364806,11.164497
2026-05-15,1058.8788,6.776893,5.465173
2026-05-15,3.4572,1.550032,0.362016
2026-05-15,3.1948,3.816057,3.816057
2026-05-15,2645.4813,0.483724,0.483724
2026-05-15,2988.5717,9.609966,13.709796
2026-05-15,1056.2836,6.848338,10.821264
2026-05-15,888.6209,3.166375,-1.236972
2026-05-15,1085.8336,1.786969,-0.377361
2026-05-15,1653.3798,-0.234309,-2.931795
2026-05-15,14153.8233,4.651094,-0.318217
2026-05-15,2019.4712,0.034429,2.448072
2026-05-15,2489.3809,2.525663,3.356081
2026-05-15,106.7946,6.539381,7.519204
2026-05-15,2993.1688,8.827566,11.376811
2026-05-15,1013.9141,11.314530,8.928882
2026-05-15,207.2602,4.761259,5.773517
2026-05-15,1257.9140,1.206765,-0.837437
2026-05-15,500.6895,0.960321,-0.104324
2026-05-15,2630.6004,7.022064,10.994920
2026-05-15,748.9985,3.116943,6.776645
2026-05-15,20755.8313,-1.188928,-0.513096
2026-05-15,5011.7025,3.037164,6.008010
2026-05-15,3544.0284,7.343280,2.569679
2026-05-15,1802.4899,5.117065,8.117678
2026-05-15,21188.9562,2.843027,7.438686
2026-05-15,40403.2757,11.277813,12.856797
2026-05-15,3005.2977,8.906148,8.906148
2026-05-15,60539.4275,11.818400,10.380809
2026-05-15,120.4126,3.528427,1.934408
2026-05-15,11.1819,9.466360,7.395760
2026-05-15,240.4953,3.101098,3.101098
2026-05-15,44.3343,8.637292,7.691492
2026-05-15,2996.7467,2.648450,4.543653
2026-05-15,2996.3352,5.244227,3.747931
2026-05-15,5973.0182,0.666001,0.666001
2026-05-15,2998.3939,7.815565,7.815565
2026-05-15,34352.0098,2.064586,1.497877
2026-05-15,3006.6402,4.619063,3.827013
2026-05-15,2509.8835,6.289287,4.567934
2026-05-15,1331.5000,1.381967,1.516463
2026-05-15,989.7870,5.491573,6.301408
2026-05-15,2654.3882,0.785884,-1.592088
2026-05-15,19931.1947,0.586808,5.538561
2026-05-15,21.6086,0.362723,-7.534142
2026-05-15,996.7192,2.120767,0.041713
2026-05-15,647.0790,8.110095,6.975741
2026-05-15,25.5784,3.786311,3.786311
2026-05-15,16635.4030,1.677949,-4.682436
2026-05-15,690.6520,8.719543,8.414533
2026-05-15,813.1710,7.168515,6.097895
2026-05-15,2992.1948,4.942304,5.471513
2026-05-15,2918.5564,2.459945,-1.233758
2026-05-15,50.9715,5.310570,5.310570
2026-05-15,2365.0086,4.759229,4.759229
2026-05-15,35503.8459,6.526131,6.078199
2026-05-15,1968.4570,0.917392,-0.884146
2026-05-15,1995.1590,-0.668954,4.184593
2026-05-15,1940.0101,2.275268,2.928615
2026-05-15,1490.3145,0.834683,-0.097327
2026-05-15,22789.9216,2.469733,1.758249
2026-05-15,11186.2344,4.326120,3.353294
2026-05-15,1387.7709,8.886361,19.534587
2026-05-15,2134.2044,2.336886,4.419571
2026-05-15,1802.4556,7.815206,9.158287
2026-05-15,5253.9290,7.592347,5.456588
2026-05-15,18237.8762,1.699272,2.585605
2026-05-15,3007.3365,4.352470,4.572531
2026-05-15,0.9995,3.733173,0.050971
2026-05-15,524.0793,5.514889,4.378554
2026-05-15,3006.9263,4.024878,5.518824
2026-05-15,99.3770,0.067931,0.067931
2026-05-15,2962.4171,5.459949,3.310214
2026-05-15,2654.2171,-1.147754,-0.435134
2026-05-15,4000.7037,2.559131,2.559131
2026-05-15,5198.7743,1.406246,1.992128
2026-05-15,41216.8473,5.668853,5.402616
2026-05-15,1531.8870,8.288575,7.892400
2026-05-15,451.2159,3.804498,2.364869
2026-05-15,43834.8074,12.119130,12.119130
2026-05-15,381.8074,3.732765,2.968787
2026-05-15,20199.0917,4.483231,-0.096307
2026-05-15,27.6766,-0.417167,1.344877
2026-05-15,210.0276,0.297080,-0.890923
2026-05-15,3002.4459,0.063728,-10.717639
2026-05-15,916.4947,9.887184,8.840918
2026-05-15,120.4127,4.314872,5.908131
2026-05-15,2314.3718,3.984806,12.459520
2026-05-15,1222.5552,5.885372,4.391480
2026-05-15,2998.4453,4.541530,5.772837
2026-05-15,593.0346,7.801480,6.512654
2026-05-15,3603.9842,0.934538,-2.163654
2026-05-15,1057.7581,8.093287,8.093287
2026-05-15,16.7276,8.285191,13.558601
2026-05-15,2997.9679,-1.723119,2.691161
2026-05-15,1084.3217,6.313565,7.706810
2026-05-15,150.6271,9.575463,11.686829
2026-05-15,2334.6074,6.718461,0.882020
2026-05-15,3005.3159,10.572753,10.572753
2026-05-15,50554.5897,3.659304,3.174212
2026-05-15,1077.3609,5.068487,10.077178
2026-05-15,19258.4765,1.455321,0.258748
2026-05-15,2994.4688,2.400435,-0.767658
2026-05-15,660.1001,3.768323,4.999724
2026-05-15,5752.6428,10.270235,10.977102
2026-05-15,219968.3340,20.624124,18.724927
2026-05-15,1418.9911,0.787983,-0.854285
2026-05-15,38768.2410,12.211365,13.228229
2026-05-15,558.1758,6.215412,6.437392
2026-05-15,116530.6026,12.502170,12.502170
2026-05-15,1569.6561,8.466361,11.283909
2026-05-15,2581.5404,8.588507,4.823788
2026-05-15,109.2611,0.299125,0.299125
2026-05-15,11963.5055,1.359784,4.162399
2026-05-15,11313.4643,3.844293,1.093263
2026-05-15,2574.5208,1.070585,4.627227
2026-05-15,1571.2118,4.072180,3.984044
2026-05-15,6023.3638,14.912653,15.175678
2026-05-15,378.0794,-0.895224,1.530856
2026-05-15,1633.8548,10.839302,8.491262
2026-05-15,818.4956,0.868193,0.868193
2026-05-15,3002.4025,10.402281,10.973511
2026-05-15,50490.9146,4.215686,2.373754
2026-05-15,34.9898,1.266867,1.310953
2026-05-15,1635.6300,0.610422,1.958548
2026-05-15,228.5128,4.050382,5.354547
2026-05-15,2996.2456,5.543065,4.046813
2026-05-15,2637.0701,2.911053,1.698741
2026-05-15,217993.1792,8.907989,9.218155
2026-05-15,1379.8188,6.541373,5.740859
2026-05-15,3002.7948,8.286658,5.313370
2026-05-15,655.6327,4.649625,4.693522
2026-05-15,1941.6031,-0.008811,-0.574908
2026-05-15,2632.1689,7.616112,9.712934
2026-05-15,1058.8377,7.121008,8.476398
2026-05-15,147.2199,5.550625,6.853404
2026-05-15,748.6913,2.585657,2.629362
2026-05-15,2992.6707,2.187641,3.596401
2026-05-15,307.7629,4.848034,3.429782
2026-05-15,3000.3712,8.938366,12.202715
2026-05-15,2998.6230,3.949166,5.180545
2026-05-15,2992.0544,3.519308,2.944305
2026-05-15,1075.4865,8.828236,21.217900
2026-05-15,2996.8325,2.362190,4.257448
2026-05-15,2968.2967,3.153885,5.525579
2026-05-15,7160.0312,5.009603,8.466843
2026-05-15,2716.4534,4.493400,4.493400
2026-05-15,877.1306,2.794078,4.202753
2026-05-15,291.2433,3.879152,6.179943
2026-05-15,2408.6455,9.103192,10.902930
2026-05-15,67.9450,1.346889,3.232458
2026-05-15,5554.4937,5.596410,5.596410
2026-05-15,88.0448,5.299533,3.149764
2026-05-15,2989.4644,8.283759,7.149425
2026-05-15,48.6123,4.561246,2.349132
2026-05-15,531.2449,9.217262,11.245718
2026-05-15,11766.9159,8.284496,9.942825
2026-05-15,3.9989,3.211066,3.795546
2026-05-15,2514.1670,4.636538,4.636538
2026-05-15,600.5061,-0.826568,1.240252
2026-05-15,681.4904,0.146557,-3.982815
2026-05-15,1128.9811,4.671515,4.891568
2026-05-15,1437.2460,2.392454,3.230231
2026-05-15,2994.3801,2.696461,-0.471538
2026-05-15,3828.9839,-0.358997,-12.458854
2026-05-15,368.6561,6.577299,3.917239
2026-05-15,1193.7444,2.672339,-2.780745
2026-05-15,0.9989,2.388621,2.388621
2026-05-15,2574.4539,1.330388,4.886938
2026-05-15,2999.5198,0.905109,0.905109
2026-05-15,2993.7318,4.245355,5.476698
2026-05-15,2652.2032,-1.680095,-24.619470
2026-05-15,1.1104,4.042121,2.692716
2026-05-15,41.9465,7.654400,6.298916
2026-05-15,2999.1387,8.293175,14.600700
2026-05-15,2993.6428,9.795162,9.927005
2026-05-15,2060.9746,-1.610516,-4.453840
2026-05-15,2992.9480,0.967635,1.724243
2026-05-15,6981.1621,0.001384,2.472011
2026-05-15,645.7734,-0.394342,0.394669
2026-05-15,2804.6427,9.439192,6.017288
2026-05-15,60.1516,0.301298,0.301298
2026-05-15,444.9255,4.414886,2.113250
2026-05-15,3002.6778,6.970813,5.659120
2026-05-15,1983.0421,3.074086,3.074086
2026-05-15,2998.5334,6.529388,9.542119
2026-05-15,2998.1413,9.485174,8.439469
2026-05-15,2968.9406,11.514856,16.985480
2026-05-15,347.6216,5.899014,4.976370
2026-05-15,6587.4348,0.331134,0.109630
2026-05-15,2977.4603,6.128909,9.199566
2026-05-15,8100.9821,2.717694,2.717694
2026-05-15,3009.6549,3.141996,2.040823
2026-05-15,1.0004,0.022595,0.022595
2026-05-15,9204.1735,2.575564,-2.664081
2026-05-15,1564.2571,1.046772,1.830315
2026-05-15,2975.5817,2.181006,-1.512800
2026-05-15,10235.8134,-0.217122,3.479424
2026-05-15,3000.9075,6.941411,2.013104
2026-05-15,1979.1903,5.919990,6.009715
2026-05-15,2997.5745,-0.086662,-0.393203
2026-05-15,2995.7301,5.375588,4.363289
2026-05-15,10997.9971,6.821702,7.585386
2026-05-15,1706.3207,4.759392,9.004097
2026-05-15,1173.1674,10.368739,10.368739
2026-05-15,949.0896,3.675600,1.637970
2026-05-15,566.2580,9.440687,4.578834
2026-05-15,2005.0764,6.581291,6.581291
2026-05-15,1263.7630,7.677597,4.076592
2026-05-15,0.9988,0.712804,-0.881699
2026-05-15,13265.5379,3.416227,3.516156
2026-05-15,1942.0707,1.414188,1.196580
2026-05-15,2569.5674,2.380351,0.281990
2026-05-15,209.7541,0.567701,-0.279559
2026-05-15,4078.9703,1.108050,1.329733
2026-05-15,499.3627,5.161074,15.899117
2026-05-15,5.0070,2.882091,3.281350
2026-05-15,2970.2100,3.858235,16.758662
2026-05-15,10987.4346,3.275576,9.482138
2026-05-15,5904.0364,-0.193702,-1.821878
2026-05-15,2998.2969,3.244333,1.582159
2026-05-15,2577.1516,0.598175,0.159195
2026-05-15,210.0252,0.409670,-0.778319
2026-05-15,1968.6577,2.095235,-1.024819
2026-05-15,877.0662,6.168943,6.256944
2026-05-15,2563.4652,-0.195555,2.608990
2026-05-15,2767.8347,9.250649,9.642591
2026-05-15,2999.0529,8.579019,14.886363
2026-05-15,101.1425,0.779276,-1.022287
2026-05-15,5000.6529,2.705586,1.482944
2026-05-15,2993.5632,2.739733,-0.953867
2026-05-15,1831.2210,2.050308,1.032053
2026-05-15,116.9068,4.450041,3.279198
2026-05-15,4777.3093,1.220344,-1.292561
2026-05-15,949.9278,9.610997,10.898306
2026-05-15,531.8892,10.902346,16.008088
2026-05-15,19400.1248,-1.974346,-1.930406
2026-05-15,4387.2286,1.058098,0.705082
2026-05-15,2019.5127,-0.171257,2.242436
2026-05-15,21640.2967,10.991685,15.279961
2026-05-15,960.6433,5.101188,7.216263
2026-05-15,103377.7395,5.903066,12.196228
2026-05-15,2992.5169,0.392279,4.363205
2026-05-15,3004.0692,2.286151,2.939498
2026-05-15,13760.4078,1.397227,2.970186
2026-05-15,1939.5025,6.045477,5.825548
2026-05-15,2988.8277,4.785128,5.483031
2026-05-15,3002.4358,0.680339,-0.027908
2026-05-15,8193.9044,2.032229,-0.625209
2026-05-15,109.0138,-0.191175,-3.874217
2026-05-15,687.0005,8.152590,14.566611
2026-05-15,2972.1335,5.467873,5.423980
2026-05-15,2999.4375,1.179365,-3.001516
2026-05-15,2962.5122,6.929902,5.139105
2026-05-15,66.9680,5.019543,10.028258
2026-05-15,2356.0734,6.022464,1.168138
2026-05-15,3001.9141,2.440144,2.749905
2026-05-15,2992.3262,5.979259,6.067261
2026-05-15,10.1122,0.180814,-8.155266
2026-05-15,2.6694,1.871288,2.275335
2026-05-15,2479.9049,6.270782,9.283592
2026-05-15,2995.7826,5.420228,5.200186
2026-05-15,3215.5944,1.221145,-0.942483
2026-05-15,709.2069,0.240763,-10.540413
2026-05-15,94.9584,6.606918,5.367935
2026-05-15,24922.1575,2.029055,-1.235841
2026-05-15,2704.7012,2.978165,-0.189745
2026-05-15,231.3247,7.838542,14.205545
2026-05-15,1057.5257,2.606453,0.797198
2026-05-15,1173.1934,9.695640,7.628333
2026-05-15,1.6377,2.641971,2.597440
2026-05-15,505.0593,1.010615,3.455904
2026-05-15,2999.3324,9.702729,8.656445
2026-05-15,2969.2812,3.082457,9.435192
2026-05-15,2790.8022,0.247802,3.744567
2026-05-15,18.9396,5.276340,6.430263
2026-05-15,2018.3313,9.889061,9.801341
2026-05-15,4289.1912,0.448066,1.423534
2026-05-15,2641.1571,4.086095,0.103685
2026-05-15,699.5400,6.323930,2.923121
2026-05-15,26107.3281,6.592369,8.660741
2026-05-15,2365.3694,10.133370,10.704615
2026-05-15,3003.9719,0.322909,-0.783247
2026-05-15,2653.5424,8.539063,8.001296
2026-05-15,2972.0438,5.769444,5.725552
2026-05-15,823.0526,6.059985,5.927576
2026-05-15,869.2030,7.774824,7.121793
2026-05-15,915.7827,1.208738,3.283798
2026-05-15,109.0139,9.828033,-0.422371
2026-05-15,1622.8340,3.247091,1.589474
2026-05-15,2992.1315,5.296116,1.049836
2026-05-15,510.4344,11.718368,17.188880
2026-05-15,1744.5397,0.090157,-2.156029
2026-05-15,4497.8512,1.406063,1.406063
2026-05-15,7579.4275,3.342029,1.904723
2026-05-15,2992.2855,4.639407,5.168632
2026-05-15,5182.8155,0.672600,1.509713
2026-05-15,4701.2031,0.721304,1.577690
2026-05-15,6379.5963,1.929567,1.929567
2026-05-15,8946.7110,2.875623,4.267784
2026-05-15,2346.6258,7.743903,7.090870
2026-05-15,11108.0120,5.082384,-4.895490
2026-05-15,2988.6569,9.325316,13.425262
2026-05-15,2568.8452,1.256155,-1.237009
2026-05-15,2998.3072,8.104431,8.104431
2026-05-15,876.3566,6.818937,7.919583
2026-05-15,1269.2240,6.419237,6.331238
2026-05-15,3006.7284,4.325768,3.533696
2026-05-15,9.9913,-1.411719,-2.564730
2026-05-15,434.9506,7.478809,5.386047
2026-05-15,749.0322,3.019860,1.357649
2026-05-15,3941.8149,5.650885,1.148202
2026-05-15,1483.6624,6.744145,8.982242
2026-05-15,598.6738,7.425778,7.337648
2026-05-15,2763.9310,3.735141,5.229131
2026-05-15,31.0720,3.969785,5.212087
2026-05-15,1545.2963,1.816925,0.829741
2026-05-15,2597.0372,7.132916,4.722122
2026-05-15,210.0708,1.761968,1.761968
2026-05-15,2228.8290,1.569781,1.704274
2026-05-15,451.5195,3.267528,-1.337007
2026-05-15,3001.8364,2.698757,3.008510
2026-05-15,2999.8703,8.257635,11.374793
2026-05-15,2965.1033,1.249673,2.006259
2026-05-15,32130.1319,5.719572,9.335966
2026-05-15,1129.0478,6.854381,7.338527
2026-05-15,2969.4532,6.680454,5.747580
2026-05-15,2964.8761,3.021708,-0.671787
2026-05-15,3012.1551,-0.256539,-0.168731
2026-05-15,577.2256,0.572619,4.543474
2026-05-15,2998.6910,0.519726,-5.841396
2026-05-15,136257.4893,10.504154,11.450703
2026-05-15,665.8193,6.743319,7.843973
2026-05-15,21.5260,0.336272,-2.143484
2026-05-15,913.3312,0.597407,0.056949
2026-05-15,20592.1731,3.139039,-2.237573
2026-05-15,2953.6237,11.920967,17.391369
2026-05-15,10091.7712,1.073416,1.073416
2026-05-15,1269.3512,2.689047,4.097736
2026-05-15,3012.0607,0.056989,0.144794
2026-05-15,4.9966,3.856279,6.593799
2026-05-15,939.3776,7.632160,6.794752
2026-05-15,2997.9360,7.341679,8.607647
2026-05-15,55.1739,9.028206,7.407482
2026-05-15,2704.9345,2.115856,-1.052327
2026-05-15,240724.3517,13.016847,16.255244
2026-05-15,147.9245,2.085654,2.085654
2026-05-15,2969.3750,0.854622,3.299950
2026-05-15,1278.6507,9.813107,13.912853
2026-05-15,296.8167,-1.181962,-0.271925
2026-05-15,3005.3825,9.899671,7.832406
2026-05-15,2222.9435,-0.070010,-5.183313
2026-05-15,1942.0356,1.595286,1.377682
2026-05-15,4732.5968,0.858095,0.592313
2026-05-15,1.0780,5.565480,5.565480
2026-05-15,1996.6466,1.354307,0.681501
2026-05-15,2996.6609,2.670203,0.068575
2026-05-15,35904.2897,4.459217,3.201987
2026-05-15,2962.5665,-2.561613,-3.100749
2026-05-15,105.8511,3.766357,4.032499
2026-05-15,2962.4726,-2.244672,-2.783791
2026-05-15,205.4811,2.037903,0.315346
2026-05-15,2995.9062,1.826871,15.568268
2026-05-15,1269.2952,5.770352,5.858356
2026-05-15,5506.9990,2.457016,4.532164
2026-05-15,9621.7600,7.790631,5.529925
2026-05-15,1324.4920,7.602598,9.846160
2026-05-15,1941.6848,0.789915,1.573479
2026-05-15,1965.3601,3.789132,4.143552
2026-05-15,2922.1237,3.300298,-0.393094
2026-05-15,92405.6325,9.789421,10.052581
2026-05-15,1154.8937,1.524822,1.215897
2026-05-15,1720.7548,8.873399,9.313237
2026-05-16,1081.2421,0.354759,0.354759
2026-05-16,147.4853,4.713741,3.748942
2026-05-16,10857.5762,1.675686,-0.075072
2026-05-16,0.2806,4.467127,2.309891
2026-05-16,2498.5584,0.802187,0.573076
2026-05-16,1.0032,4.064478,-0.484012
2026-05-16,6246.4280,8.486613,7.341115
2026-05-16,1745.7656,0.837125,0.287379
2026-05-16,19158.4357,3.074628,3.074628
2026-05-16,2740.9660,1.982578,0.342046
2026-05-16,20227.1165,1.820796,2.419383
2026-05-16,6549.4926,2.180665,2.180665
2026-05-16,1998.3540,3.759585,1.390770
2026-05-16,11361.1380,2.674286,4.791939
2026-05-16,16272.7875,-0.218608,-5.186278
2026-05-16,2062.1192,4.232742,4.232742
2026-05-16,89.6085,1.019440,3.041074
2026-05-16,2998.6516,1.016400,3.681920
2026-05-16,42.5605,3.436468,3.986658
2026-05-16,1988.1748,6.537240,6.537240
2026-05-16,17321.1330,3.699381,6.547638
2026-05-16,1.3189,6.750188,6.796098
2026-05-16,0.9994,6.274523,6.871340
2026-05-16,0.9986,7.782600,8.635725
2026-05-16,2210.6675,9.209480,9.209480
2026-05-16,2237.3137,0.443597,5.000460
2026-05-16,13608.9448,6.267369,7.388469
2026-05-16,2994.5382,2.203921,10.369949
2026-05-16,33608.0822,3.033765,2.533563
2026-05-16,5317.7474,1.961757,3.711866
2026-05-16,1273.0154,3.840515,4.658928
2026-05-16,13.7849,6.471554,6.471554
2026-05-16,599.2908,0.365686,0.365686
2026-05-16,2093.9359,-0.698585,0.512694
2026-05-16,726.7157,3.248004,3.524449
2026-05-16,231.0263,8.825164,8.550200
2026-05-16,56070.8425,-0.028739,3.193268
2026-05-16,2996.9367,3.986730,4.032280
2026-05-16,4454.2562,9.423717,9.241680
2026-05-16,2997.7068,1.624519,1.624519
2026-05-16,66.6593,-0.023734,0.021244
2026-05-16,476.4680,8.867036,5.831706
2026-05-16,12.3196,3.585296,14.631977
2026-05-16,11101.1732,-2.190093,0.454464
2026-05-16,511.6457,7.508090,11.825206
2026-05-16,2503.3657,3.680558,2.854334
2026-05-16,119.3263,9.422555,9.422555
2026-05-16,1126.3661,8.928619,7.525477
2026-05-16,2824.8422,1.456051,0.182504
2026-05-16,87.1413,8.703584,8.703584
2026-05-16,1964.2802,3.218350,3.218350
2026-05-16,1088.8443,3.529517,3.346029
2026-05-16,6666.0582,0.897957,0.942931
2026-05-16,2626.0822,10.530149,9.938861
2026-05-16,12598.1239,4.548227,5.235094
2026-05-16,151.3032,5.707974,5.707974
2026-05-16,1629.2794,10.178470,8.584998
2026-05-16,678.0101,1.831885,3.813048
2026-05-16,12027.9687,5.782090,3.854751
2026-05-16,522.7218,0.366669,2.344609
2026-05-16,100.5416,0.726291,1.322850
2026-05-16,602.5130,-0.559191,-1.905346
2026-05-16,273809.8480,15.550835,16.317373
2026-05-16,3731.7433,0.364509,1.801557
2026-05-16,74.9566,5.365521,5.365521
2026-05-16,2905.3748,-0.405613,-0.764758
2026-05-16,10.7526,7.018999,6.697801
2026-05-16,2546.0909,2.278499,-0.683543
2026-05-16,5391.2255,6.494830,6.494830
2026-05-16,2964.5573,4.571665,4.071540
2026-05-16,4571.9834,8.047080,13.335794
2026-05-16,2651.1621,0.576051,2.374536
2026-05-16,147.4854,4.708774,3.743976
2026-05-16,2493.0632,4.744141,-0.590547
2026-05-16,9865.6495,0.829817,2.938651
2026-05-16,358.4537,5.703383,4.493015
2026-05-16,1.0003,6.768872,7.361170
2026-05-16,2642.5169,6.997425,5.860919
2026-05-16,360.8206,1.832304,1.832304
2026-05-16,6315.2989,4.948880,5.957705
2026-05-16,20222.2741,4.812646,2.925324
2026-05-16,476.4673,5.578680,4.934545
2026-05-16,1464.2828,3.552066,-0.731361
2026-05-16,2997.6429,4.297264,3.477535
2026-05-16,29.0964,3.533062,-2.089650
2026-05-16,132.0780,0.908106,0.908106
2026-05-16,1810.0727,4.216782,3.397047
2026-05-16,21.0455,9.068833,8.241048
2026-05-16,4.3439,4.787607,4.787607
2026-05-16,25582.2894,5.815076,6.179246
2026-05-16,1.0000,2.982917,2.982917
2026-05-16,657.3696,9.179339,11.455520
2026-05-16,3142.6025,0.862854,-0.431242
2026-05-16,263.2149,2.407058,2.407058
2026-05-16,10006.7899,1.119664,1.119664
2026-05-16,726.7139,3.272811,3.549256
2026-05-16,25.2173,1.043218,2.183685
2026-05-16,15.4482,0.303515,0.303515
2026-05-16,1915.6946,9.677208,10.044372
2026-05-16,26689.0250,1.256600,-1.021905
2026-05-16,1.4497,4.297604,4.297604
2026-05-16,19103.8836,6.947305,1.613813
2026-05-16,24120.3906,2.896542,2.574721
2026-05-16,2961.9775,11.770855,12.997522
2026-05-16,46.7969,1.928926,1.423651
2026-05-16,0.9966,6.274630,5.512782
2026-05-16,204.4200,6.429077,6.520195
2026-05-16,2332.5178,0.371172,1.828078
2026-05-16,299.7604,7.222622,9.334013
2026-05-16,6425.5234,1.420426,7.350337
2026-05-16,1.0003,4.266033,3.412605
2026-05-16,2473.6654,0.626377,1.082246
2026-05-16,2998.5903,2.645721,3.794475
2026-05-16,2462.1087,1.621353,2.401198
2026-05-16,284.8760,6.897429,6.439008
2026-05-16,2626.1687,10.746798,8.290407
2026-05-16,315.5458,2.378236,2.378236
2026-05-16,8497.1651,5.404896,5.404896
2026-05-16,4565.2768,1.742375,3.723556
2026-05-16,1515.0605,8.195674,11.479249
2026-05-16,100.4411,1.065912,2.213524
2026-05-16,98.9449,1.109661,1.109661
2026-05-16,125.3683,0.760988,3.831918
2026-05-16,20259.2199,4.719399,3.800975
2026-05-16,22.7795,1.431906,1.431906
2026-05-16,2998.4974,8.252976,9.117931
2026-05-16,9235.7754,9.535992,13.629511
2026-05-16,4001.8060,-0.937650,6.690971
2026-05-16,49.6717,4.376871,5.341121
2026-05-16,543.0780,4.727578,4.727578
2026-05-16,2994.5078,8.647967,13.251363
2026-05-16,3167.1920,10.060956,10.060956
2026-05-16,118.1020,6.624126,6.624126
2026-05-16,0.1855,9.623849,9.623849
2026-05-16,4.2365,5.033149,2.472255
2026-05-16,11116.3310,2.160907,6.220536
2026-05-16,0.9986,8.192612,8.192612
2026-05-16,302.5157,0.824558,1.237673
2026-05-16,656.4838,7.208928,7.346553
2026-05-16,2996.9670,3.885774,3.931325
2026-05-16,2998.6209,3.784307,2.175990
2026-05-16,12673.3456,-2.894623,-1.556946
2026-05-16,5008.3327,7.829732,5.497989
2026-05-16,6.1221,6.663363,8.223506
2026-05-16,853.8569,0.950621,3.616158
2026-05-16,132.1262,1.441439,0.568240
2026-05-16,1.4193,10.428084,10.428084
2026-05-16,1479.1541,0.909579,-0.972966
2026-05-16,0.0403,5.068338,6.444674
2026-05-16,1200.1152,5.066700,5.845562
2026-05-16,121.2523,2.641688,1.139062
2026-05-16,241.6415,8.889790,9.348980
2026-05-16,2248.1903,0.606294,0.606294
2026-05-16,178.2177,3.656352,2.368196
2026-05-16,4.8987,0.104682,4.189541
2026-05-16,27.5916,2.459541,2.459541
2026-05-16,16638.4300,2.436668,2.436668
2026-05-16,15.1256,-0.098980,0.584904
2026-05-16,32.0535,7.605942,9.444564
2026-05-16,1294.0711,0.090344,0.045366
2026-05-16,44.1652,9.512679,9.512679
2026-05-16,26914.8493,1.522712,3.776730
2026-05-16,92.9626,4.764571,5.497468
2026-05-16,30948.7896,3.863765,4.782762
2026-05-16,10479.1197,9.172243,8.990202
2026-05-16,11358.0304,4.422587,4.744830
2026-05-16,621.5497,-0.217775,0.904592
2026-05-16,6.2117,2.401571,2.401571
2026-05-16,2999.1549,9.829714,8.509525
2026-05-16,217.0526,0.144301,0.144301
2026-05-16,1993.3790,0.704841,0.704841
2026-05-16,575.7409,6.199258,6.199258
2026-05-16,8422.9406,1.208514,7.454095
2026-05-16,1178.9818,1.747535,1.747535
2026-05-16,325.6361,6.150194,5.746296
2026-05-16,98.9228,0.497542,0.497542
2026-05-16,1274.7830,8.378114,7.782198
2026-05-16,2176.0040,7.744979,9.445370
2026-05-16,1963.4932,8.441607,5.280164
2026-05-16,1089.3042,9.405646,9.405646
2026-05-16,2237.6229,1.750815,0.565824
2026-05-16,30404.4543,4.410213,2.389775
2026-05-16,2260.2136,2.705823,-6.052229
2026-05-16,335.9517,2.236070,2.603877
2026-05-16,2969.8804,8.320562,7.585668
2026-05-16,5101.6827,5.556689,11.726312
2026-05-16,10.1462,7.654819,6.369497
2026-05-16,65292.0188,4.186122,4.599081
2026-05-16,638.6809,2.426322,2.747482
2026-05-16,10636.6330,8.521567,6.407440
2026-05-16,4468.6966,3.641900,3.550755
2026-05-16,15465.6751,0.566324,-3.518684
2026-05-16,1810.1113,1.544012,1.544012
2026-05-16,2386.0394,8.122777,8.122777
2026-05-16,321.8112,0.911735,-2.599077
2026-05-16,117.5436,1.741969,2.698194
2026-05-16,547.1820,0.528152,-1.773652
2026-05-16,24989.8417,6.070119,6.253556
2026-05-16,129.6069,6.343437,7.626581
2026-05-16,180.9094,4.504023,4.504023
2026-05-16,4.0596,0.249313,-1.052092
2026-05-16,1629.2883,10.123971,8.530489
2026-05-16,2019.4912,8.786431,11.385169
2026-05-16,62.2810,1.336872,3.445599
2026-05-16,19.9634,0.845946,0.708293
2026-05-16,99.1559,1.845152,3.826312
2026-05-16,6825.0515,0.710734,-2.093967
2026-05-16,22172.3918,28.292961,29.058520
2026-05-16,1347.6477,5.330035,3.131719
2026-05-16,1626.5965,2.510392,-1.810750
2026-05-16,11369.0332,5.117646,4.107600
2026-05-16,16143.7386,1.781196,1.781196
2026-05-16,4406.8032,5.214115,5.214115
2026-05-16,10802.7007,8.145307,6.579550
2026-05-16,11356.1384,4.327540,4.972040
2026-05-16,28.1791,1.612960,1.612960
2026-05-16,15285.5148,1.689742,1.689742
2026-05-16,10980.9093,9.677766,5.884404
2026-05-16,3294.1781,0.272936,2.473252
2026-05-16,7079.6247,1.978777,1.978777
2026-05-16,4758.4257,0.922474,-0.113059
2026-05-16,980.7049,1.116058,-0.075237
2026-05-16,10.7774,10.070646,9.106125
2026-05-16,34583.1383,7.893385,8.996335
2026-05-16,9803.5263,8.980375,8.980375
2026-05-16,2969.5054,8.942809,10.955031
2026-05-16,2013.6321,8.168794,9.033755
2026-05-16,721.4189,1.931811,0.505280
2026-05-16,49.9406,0.993942,0.533890
2026-05-16,200.0898,0.443552,0.443552
2026-05-16,295.2327,1.007237,1.411152
2026-05-16,2013.6457,8.101149,8.966116
2026-05-16,3903.6060,-0.043556,9.459143
2026-05-16,2968.5185,9.553930,9.921391
2026-05-16,33829.6968,6.760676,1.648585
2026-05-16,99710.0282,1.996910,1.996910
2026-05-16,3516.1440,0.729461,2.214277
2026-05-16,1673.3772,0.472917,1.236533
2026-05-16,24445.2444,6.634042,6.955229
2026-05-16,4673.8211,0.900264,6.221849
2026-05-16,521.7636,2.397803,-1.552521
2026-05-16,37537.4257,8.123785,8.123785
2026-05-16,113804.6141,4.862167,4.862167
2026-05-16,321.1066,0.248741,0.248741
2026-05-16,450.9902,4.804106,4.804106
2026-05-16,1.2685,3.244720,3.244720
2026-05-16,117.5435,1.745928,2.702152
2026-05-16,10800.5932,6.991099,6.991099
2026-05-16,264544.3327,15.021225,8.780373
2026-05-16,65.2438,7.729729,7.729729
2026-05-16,235.3574,1.710172,2.631061
2026-05-16,10798.1592,8.808527,11.755747
2026-05-16,130667.9783,1.718410,3.969246
2026-05-16,3547.8044,2.215085,2.215085
2026-05-16,3.6352,5.202028,5.202028
2026-05-16,2529.3653,4.619559,4.665392
2026-05-16,14514.9784,7.027459,0.264897
2026-05-16,5884.6843,0.669519,1.082217
2026-05-16,5030.7448,8.911061,8.729015
2026-05-16,25066.4665,4.179555,3.815312
2026-05-16,119.2305,-3.406657,-3.406657
2026-05-16,129.6069,5.660357,5.660357
2026-05-16,1.0903,2.079991,2.263237
2026-05-16,119.3093,8.595824,10.844760
2026-05-16,0.0020,5.513877,5.513877
2026-05-16,2371.8807,0.674230,-0.764072
2026-05-16,43596.5495,7.830283,4.910323
2026-05-16,21.1922,5.368716,10.974217
2026-05-16,59.3978,7.272896,6.171322
2026-05-16,1169.4725,1.580515,0.714734
2026-05-16,2965.8923,8.477348,12.246719
2026-05-16,1240.9066,9.493528,9.539440
2026-05-16,6.9998,3.847034,1.962949
2026-05-16,55650.4857,2.149868,2.103952
2026-05-16,18051.9772,0.847725,2.774879
2026-05-16,2999.1853,9.728692,8.408490
2026-05-16,7.2326,6.580262,4.155095
2026-05-16,0.0040,9.456467,12.350552
2026-05-16,0.0454,4.795035,4.382262
2026-05-16,10439.2546,0.240392,2.122613
2026-05-16,21678.3086,1.971105,-3.055128
2026-05-16,3932.6168,0.594000,0.099455
2026-05-16,50.1049,3.511727,4.230881
2026-05-16,796.6302,2.549912,2.549912
2026-05-16,20361.9421,7.723804,8.276631
2026-05-16,13320.9895,3.070783,3.565581
2026-05-17,1278.6379,2.455276,4.418529
2026-05-17,372.9746,6.857553,7.726520
2026-05-17,1.3015,6.954932,6.404562
2026-05-17,47.2819,2.995651,2.995651
2026-05-17,32710.3538,0.743552,1.431740
2026-05-17,437599.8868,10.104082,9.008741
2026-05-17,243.0089,1.588119,1.588119
2026-05-17,2215.1747,-0.024372,0.842464
2026-05-17,3015.9230,5.788524,5.788524
2026-05-17,3061.9586,-0.624050,-1.036180
2026-05-17,1934.3664,2.744126,3.476131
2026-05-17,31421.2843,5.702221,4.607013
2026-05-17,1597.9429,2.849661,2.849661
2026-05-17,1649.8669,1.967329,1.967329
2026-05-17,2994.5561,7.327351,8.832735
2026-05-17,2994.5260,8.932991,9.480398
2026-05-17,1.3011,11.992651,13.042869
2026-05-17,796.2726,1.890226,-1.668136
2026-05-17,2178.8436,4.694565,1.952187
2026-05-17,349.1443,7.468095,7.787527
2026-05-17,11354.1888,0.946499,0.534130
2026-05-17,1.0969,3.976791,3.248280
2026-05-17,1736.2174,3.130123,3.130123
2026-05-17,192837.0039,11.944350,8.587446
2026-05-17,560.3116,4.696649,1.509364
2026-05-17,275.0505,0.272961,0.172984
2026-05-17,656.7237,1.348844,2.861350
2026-05-17,1928.2001,2.067042,1.791546
2026-05-17,1.2421,2.969856,3.746138
2026-05-17,2816.2243,8.933339,8.933339
2026-05-17,499.2349,1.649362,1.786775
2026-05-17,141.4290,4.012448,5.152119
2026-05-17,2924.2516,10.096859,6.369979
2026-05-17,1522.8864,7.032314,7.169031
2026-05-17,2154.8800,0.950254,0.174038
2026-05-17,2154.8955,0.878137,0.101915
2026-05-17,8542.5062,2.232296,4.147119
2026-05-17,1773.6723,3.051975,3.371754
2026-05-17,98.7543,3.558341,2.690152
2026-05-17,1.0916,8.049249,8.049249
2026-05-17,103.9944,0.550595,1.281687
2026-05-17,189266.0259,10.532071,11.726025
2026-05-17,2285.4168,5.985340,5.985340
2026-05-17,13680.6961,3.628748,2.122868
2026-05-17,0.9966,4.981035,8.575670
2026-05-17,1842.1721,1.804586,2.629091
2026-05-17,7303.6610,6.555554,6.875665
2026-05-17,843.8032,10.088376,11.140064
2026-05-17,2706.2496,4.651159,4.651159
2026-05-17,2995.9484,5.830277,6.743055
2026-05-17,28.2573,10.725792,14.867662
2026-05-17,691.5198,6.343788,5.520156
2026-05-17,219.3870,4.168032,4.532977
2026-05-17,30071.4404,4.449398,14.423049
2026-05-17,2991.4926,9.402222,11.450992
2026-05-17,151.1692,9.334313,9.927690
2026-05-17,502.9819,1.398222,1.398222
2026-05-17,99.8047,0.171241,0.171241
2026-05-17,35.3113,1.464331,2.241571
2026-05-17,521.6504,4.269645,4.269645
2026-05-17,1107.8785,1.344453,1.344453
2026-05-17,1146.5203,4.360979,4.360979
2026-05-17,41.9703,9.631577,8.122918
2026-05-17,103.7049,1.875288,-1.683080
2026-05-17,26251.3735,3.238105,4.661691
2026-05-17,4.7448,0.830023,1.105094
2026-05-17,164.1901,0.001187,0.001187
2026-05-17,908.3665,0.970554,-0.079781
2026-05-17,521.6486,4.304186,4.304186
2026-05-17,13180.8983,0.279468,1.695532
2026-05-17,88.0773,7.905159,5.215687
2026-05-17,4028.1722,2.249227,3.842367
2026-05-17,1914.4921,9.123731,10.504051
2026-05-17,367.0334,4.746929,6.209443
2026-05-17,15156.8500,1.460229,3.102523
2026-05-17,12956.7588,0.495133,0.128724
2026-05-17,41.9703,4.235873,6.065916
2026-05-17,11277.5890,7.421388,8.892734
2026-05-17,2647.8243,0.637478,1.277515
2026-05-17,2909.0795,5.887666,5.887666
2026-05-17,2199.3564,0.912119,0.683234
2026-05-17,481.9360,5.145775,2.764680
2026-05-17,1928.5720,8.243428,6.373751
2026-05-17,473249.6339,9.045442,7.537873
2026-05-17,28.8540,1.245985,1.977561
2026-05-17,1597.9928,6.920708,6.920708
2026-05-17,2.0748,2.185095,2.185095
2026-05-17,299.7878,5.251960,3.789306
2026-05-17,1582.9264,5.286746,5.286746
2026-05-17,5.0045,1.166201,1.166201
2026-05-17,403.2697,9.619177,9.619177
2026-05-17,2997.4329,7.458049,7.686557
2026-05-17,10007.3152,3.703294,4.342497
2026-05-17,13628.9494,1.914834,1.044852
2026-05-17,0.2160,3.677480,4.954333
2026-05-17,10288.0998,5.855696,7.141781
2026-05-17,183.2759,8.837608,9.615096
2026-05-17,798.4203,1.373941,1.373941
2026-05-17,769.3374,5.652123,7.532963
2026-05-17,521.6187,8.749175,7.656028
2026-05-17,7576.6936,0.068238,0.068238
2026-05-17,2285.3647,7.583136,8.861391
2026-05-17,143.9848,1.907129,1.907129
2026-05-17,201.4551,6.105722,-0.555795
2026-05-17,545.1192,7.321227,3.338612
2026-05-17,21.7715,2.165965,-7.655344
2026-05-17,69.8729,3.028031,3.028031
2026-05-17,8361.9397,1.140272,1.642807
2026-05-17,691.5182,6.366821,5.543191
2026-05-17,2996.2457,6.801298,6.801298
2026-05-17,1193.0052,5.236770,5.419773
2026-05-17,1586.5249,4.809032,4.809032
2026-05-17,1598.0014,6.867223,6.867223
2026-05-17,3370.4572,1.858828,-0.101385
2026-05-17,1761.9998,7.650161,6.602112
2026-05-17,18604.3216,0.386729,0.204088
2026-05-17,10296.7505,0.430969,2.544639
2026-05-17,35.0629,2.031932,3.403694
2026-05-17,246.4813,8.639653,8.639653
2026-05-17,40.0621,9.186587,9.186587
2026-05-17,15870.3809,3.141620,3.415381
2026-05-17,499.2269,4.584552,3.714683
2026-05-17,21312.6861,8.272327,5.738022
2026-05-17,117.5096,4.464125,2.495603
2026-05-17,1285.5895,2.793888,2.931259
2026-05-17,2994.5818,9.294389,9.294389
2026-05-17,2457.0087,7.777659,6.132416
2026-05-17,166072.9264,6.128688,6.128688
2026-05-17,163.9874,8.808751,8.808751
2026-05-17,6.9783,7.929560,7.929560
2026-05-17,1595.7152,3.250961,3.021109
2026-05-17,22.8004,8.720854,8.720854
2026-05-17,17679.4472,-3.360043,17.879763
2026-05-17,2987.3385,2.638293,2.638293
2026-05-17,1661.8297,-0.200138,-0.200138
2026-05-17,38399.5012,3.400184,3.676025
2026-05-17,3000.2603,0.860645,0.860645
2026-05-17,1960.1395,7.243831,7.106861
2026-05-17,356.8445,65.433811,57.126160
2026-05-17,1830.3324,2.101908,2.422040
2026-05-17,1740.2424,1.669747,1.486778
2026-05-17,691.5234,3.867469,3.730196
2026-05-17,2996.2691,10.511700,8.229510
2026-05-17,1234.4062,6.872114,6.689542
2026-05-17,2706.3010,2.543320,2.543320
2026-05-17,217.0108,0.810438,-1.343547
2026-05-17,856.7297,2.088148,2.225118
2026-05-17,49358.6172,8.030040,7.984344
2026-05-17,2898.1445,1.547813,3.931655
2026-05-17,246.4809,8.198598,8.198598
2026-05-17,2924.0401,6.008267,4.074646
2026-05-17,25.3368,0.831536,-10.712917
2026-05-17,4449.6143,-3.107106,3.353739
2026-05-17,159.0951,7.258140,5.425076
2026-05-17,13543.1405,7.002458,6.910508
2026-05-17,1502.4384,0.060367,2.352317
2026-05-17,100.3906,1.168477,-2.596307
2026-05-17,2994.4960,9.033245,9.580647
2026-05-17,560.1852,0.725723,1.636061
2026-05-17,2633.3857,0.332898,1.214309
2026-05-17,4.3843,9.114440,8.748958
2026-05-17,17.5264,0.642209,0.642209
2026-05-17,2285.3820,7.507190,8.785454
2026-05-17,134.5898,1.163468,1.163468
2026-05-17,2010.6317,0.545535,0.545535
2026-05-17,3.2535,6.997946,8.916694
2026-05-17,2120.5989,0.479774,6.684044
2026-05-17,1959.9292,9.731160,9.731160
2026-05-17,22162.8238,6.406754,6.314798
2026-05-17,2991.8012,4.637858,4.637858
2026-05-17,932.3613,1.249771,-7.134945
2026-05-17,162.8736,1.461039,0.684781
2026-05-17,445.2694,3.910825,6.142079
2026-05-17,185127.9511,9.437203,10.315737
2026-05-17,70.2882,5.111854,4.013175
2026-05-17,15328.9090,0.450344,-0.599231
2026-05-17,752.4526,1.848650,1.848650
2026-05-17,4844.5807,1.057250,1.057250
2026-05-17,3.1916,2.252853,2.069955
2026-05-17,359586.1550,10.065946,10.065946
2026-05-17,1722.4097,0.658687,0.567159
2026-05-17,0.0692,-0.156904,-1.344270
2026-05-17,9361.8192,3.681118,4.733942
2026-05-17,39.2478,-0.582238,-5.527437
2026-05-17,359962.3884,12.041014,12.041014
2026-05-17,21.1479,5.760438,7.271300
2026-05-17,82.8605,0.024315,3.035167
2026-05-17,292.9345,0.711879,0.711879
2026-05-17,1598.3789,1.252501,1.252501
2026-05-17,355.0634,-25.100031,-38.399278
2026-05-17,560.8666,1.279901,1.279901
2026-05-17,0.0767,3.235994,4.148047
2026-05-17,246.4811,8.190371,8.190371
2026-05-17,30371.9124,1.816434,3.010019
2026-05-17,24.7218,1.137867,1.137867
2026-05-17,341.7949,3.011843,2.021437
2026-05-17,521.6495,4.286925,4.286925
2026-05-17,569.1379,9.060735,10.252126
2026-05-17,5.6216,4.313158,4.313158
2026-05-17,1762.0100,7.592074,6.544019
2026-05-17,2991.5224,9.302762,11.351552
2026-05-17,1.3013,-0.217129,-1.404502
2026-05-17,1165.3644,4.091904,4.091904
2026-05-17,1368.4152,2.278258,-4.213907
2026-05-17,3430.7869,0.551453,6.319983
2026-05-17,2.1837,7.753568,7.753568
2026-05-17,2842.0511,0.683817,2.831863
2026-05-17,1759.4734,8.803477,8.254385
2026-05-17,246.5065,9.118797,9.347489
2026-05-17,298.6947,1.631497,1.631497
2026-05-17,16579.2483,1.123656,0.894026
2026-05-17,1.2968,0.868226,1.415273
2026-05-17,1597.9843,6.974193,6.974193
2026-05-17,35326.7629,2.204840,-1.390516
2026-05-17,898.8048,1.954997,1.359970
2026-05-17,2492.2451,0.498702,0.498702
2026-05-17,8773.4690,0.386664,4.518299
2026-05-17,2484.9574,9.685275,9.685275
2026-05-17,1306.7833,9.748306,8.792051
2026-05-17,11.9173,2.836428,2.836428
2026-05-17,231.4049,0.816137,0.495918
2026-05-17,2997.3116,2.926595,2.926595
2026-05-17,494.9829,3.092778,3.092778
2026-05-17,2285.3994,6.061301,6.061301
2026-05-17,3459.7070,8.182693,5.255177
2026-05-17,1736.2304,2.141764,2.141764
2026-05-17,2634.9974,1.126612,3.739803
2026-05-17,42.9678,6.792482,11.222146
2026-05-17,1.1942,8.047245,8.047245
2026-05-17,9192.4472,4.663333,4.663333
2026-05-17,17305.7138,2.016099,1.375055
2026-05-17,10726.4571,2.966459,2.008099
2026-05-17,31.5869,4.826540,4.230740
2026-05-17,275.0040,1.862853,1.267820
2026-05-17,275.1472,1.766452,1.034184
2026-05-17,126.5532,0.076365,11.423549
2026-05-17,5953.2523,0.371983,1.192942
2026-05-17,1065.2656,10.076357,13.568879
2026-05-17,163.9873,7.902281,5.896161
2026-05-17,199.9446,0.943594,0.211734
2026-05-17,1074.5838,6.733164,6.733164
2026-05-17,691.5218,3.890507,3.753235
2026-05-17,14606.8690,0.963741,0.963741
2026-05-17,2991.7661,4.755410,1.568144
2026-05-17,49528.6002,1.131531,1.031563
2026-05-17,21.6219,1.775035,5.812721
2026-05-17,46701.5382,1.951680,7.075330
2026-05-17,2275.2333,-0.052482,-1.516542
2026-05-17,184.5833,-0.168415,6.074160
2026-05-17,13938.1153,3.098382,1.533889
2026-05-17,1.4729,0.094407,-0.581540
2026-05-17,43.0355,18.101579,-3.924426
2026-05-17,1934.3607,8.489684,9.449319
2026-05-17,21983.0173,0.156984,-3.046883
2026-05-17,25419.0040,-3.599911,2.861253
2026-05-17,26319.6765,1.381108,1.700731
2026-05-17,521.6513,4.252384,4.252384
2026-05-17,2404.3537,2.899840,2.672281
2026-05-17,445.9172,0.488908,0.488908
2026-05-18,6326.7593,1.481920,-1.523525
2026-05-18,2491.5624,-0.067615,2.790652
2026-05-18,1045.6151,1.592990,-0.787422
2026-05-18,1115.5666,6.338411,6.338411
2026-05-18,15332.5137,6.642796,8.248204
2026-05-18,20706.8592,3.848214,4.838494
2026-05-18,74.5683,9.328991,3.246491
2026-05-18,1.0005,1.346842,3.092372
2026-05-18,617.4645,9.890476,7.199855
2026-05-18,3014.0977,6.171098,15.416105
2026-05-18,387.0175,6.037055,7.900092
2026-05-18,1015.4812,4.215208,4.454280
2026-05-18,1231.1385,6.370413,7.975084
2026-05-18,16524.0311,2.446905,4.993655
2026-05-18,3003.4692,-1.727601,-3.769511
2026-05-18,3010.4085,8.397386,5.329691
2026-05-18,34505.9623,7.917772,10.101331
2026-05-18,285.9611,6.344664,9.928963
2026-05-18,269846.6983,8.558165,7.709581
2026-05-18,284.7508,-9.906404,-22.259843
2026-05-18,36.6232,3.671014,0.683588
2026-05-18,2976.0335,5.426126,11.988321
2026-05-18,77.3321,2.267354,3.178058
2026-05-18,22.0327,2.353229,2.353229
2026-05-18,0.2091,2.432993,-6.454586
2026-05-18,2505.0777,9.645804,6.082634
2026-05-18,28640.2159,11.166993,5.408809
2026-05-18,826.4927,2.280114,0.291267
2026-05-18,1520.7212,9.047489,-0.320558
2026-05-18,1370.1165,3.102467,4.422996
2026-05-18,21.0622,5.744589,-2.301860
2026-05-18,5029.8897,1.008302,-1.743764
2026-05-18,2362.1232,2.493915,3.906115
2026-05-18,10.3179,1.722515,0.452890
2026-05-18,2020.7901,3.802783,10.192534
2026-05-18,1067.8463,4.501968,5.401157
2026-05-18,2792.1495,9.102666,-2.803267
2026-05-18,2995.9605,3.155580,10.044765
2026-05-18,793.0435,3.413773,2.665170
2026-05-18,10861.8494,0.283597,0.890239
2026-05-18,13065.2810,10.765824,8.457357
2026-05-18,1491.7597,3.088127,1.634845
2026-05-18,7167.5856,10.211478,12.437815
2026-05-18,21.2320,7.415941,10.169314
2026-05-18,2620.0335,6.491566,5.079565
2026-05-18,2325.9814,0.384383,4.704003
2026-05-18,3923.9187,3.059516,3.579403
2026-05-18,7666.6960,1.125314,0.464813
2026-05-18,3003.2535,4.275375,0.177831
2026-05-18,9982.1936,5.933857,1.482041
2026-05-18,347.0037,0.548317,-1.901242
2026-05-18,10484.2476,2.255024,2.636171
2026-05-18,1696.4647,9.434622,19.780626
2026-05-18,18573.3724,7.379665,2.737644
2026-05-18,2100.2671,-0.236444,-1.003372
2026-05-18,3010.2881,6.956536,5.115992
2026-05-18,1.8948,10.027826,-4.466098
2026-05-18,769.1770,-12.449623,-14.054890
2026-05-18,5.0428,3.253773,0.334659
2026-05-18,1298.3011,1.397621,-10.181482
2026-05-18,0.4609,2.107430,1.965531
2026-05-18,2996.0820,4.271237,9.012830
2026-05-18,840.8430,1.257106,-0.303886
2026-05-18,983.6770,1.372255,1.372255
2026-05-18,3010.3929,3.320816,1.034918
2026-05-18,2059.8554,7.431894,6.020192
2026-05-18,2981.6826,9.694442,5.921114
2026-05-18,1333.2199,1.095052,2.984146
2026-05-18,342.0100,5.196695,5.816358
2026-05-18,218.4251,3.967314,4.483118
2026-05-18,397.2704,4.539958,5.191084
2026-05-18,61.5773,6.722072,8.502749
2026-05-18,5720.9940,1.746532,1.226343
2026-05-18,10505.5318,1.013809,5.832404
2026-05-18,1998.1798,2.584241,1.041448
2026-05-18,564.2096,0.046790,7.900652
2026-05-18,1850.1669,5.047984,8.133415
2026-05-18,130.0304,3.405068,4.013610
2026-05-18,3017.0819,-0.276753,-6.036995
2026-05-18,14271.7647,0.049932,3.029873
2026-05-18,436.2979,-2.727914,-1.452523
2026-05-18,1432.2345,-20.980001,-22.734545
2026-05-18,199.0590,0.302343,1.989063
2026-05-18,1902.3540,0.822752,-0.827436
2026-05-18,1432.0453,9.051739,6.787314
2026-05-18,35020.9006,1.284118,0.765144
2026-05-18,415.1945,1.196003,-2.251983
2026-05-18,20037.9205,4.548218,7.159813
2026-05-18,428.9053,3.230052,0.634622
2026-05-18,68418.3110,1.432674,1.668593
2026-05-18,12571.7519,1.281226,5.666639
2026-05-18,7964.5730,6.001436,8.358839
2026-05-18,2003.4217,4.530936,7.109148
2026-05-18,18.2098,4.142799,1.773253
2026-05-18,518.2435,5.260019,5.260019
2026-05-18,6.6083,8.438492,4.170182
2026-05-18,24250.1164,3.301060,2.442330
2026-05-18,2153.2774,9.925604,16.243790
2026-05-18,2969.9786,10.548061,8.956105
2026-05-18,5800.6120,2.327697,4.641072
2026-05-18,9.4928,0.429886,2.454048
2026-05-18,4.6047,3.897939,3.096337
2026-05-18,1011.5464,3.314893,-0.291993
2026-05-18,413.2872,3.414190,4.022732
2026-05-18,396.9471,0.182264,13.213365
2026-05-18,106232.6611,0.667979,1.048089
2026-05-18,424.3454,9.432506,9.432506
2026-05-18,30384.7802,-0.751005,1.794453
2026-05-18,371.3353,6.342477,-0.280925
2026-05-18,2483.9317,4.498127,-2.068989
2026-05-18,5360.9723,2.768775,-12.531884
2026-05-18,1999.4613,1.767378,-1.680965
2026-05-18,17487.4033,1.465663,1.465663
2026-05-18,50011.2159,2.835405,-0.084926
2026-05-18,96257.1372,4.653675,4.653675
2026-05-18,55047.7774,6.544206,6.544206
2026-05-18,515521.5587,9.475873,8.770016
2026-05-18,1997.4950,3.016949,0.421464
2026-05-18,1998.8995,1.774441,-0.720696
2026-05-18,2999.1719,1.834388,-1.047084
2026-05-18,342.3741,1.244586,-1.040907
2026-05-18,710.2145,4.179638,6.491416
2026-05-18,213.2937,2.838288,1.907057
2026-05-18,572.9329,4.513449,4.323868
2026-05-18,2996.6795,9.816368,13.543980
2026-05-18,1126.4610,0.272837,-18.891602
2026-05-18,4181.0857,3.279812,4.372757
2026-05-18,1950.2127,7.586047,4.905407
2026-05-18,1232.1725,2.315050,2.886806
2026-05-18,600.1477,-0.558812,-2.355370
2026-05-18,1798.3984,8.893733,2.810968
2026-05-18,1802.8575,9.061604,2.978941
2026-05-18,125.9014,1.678595,6.922744
2026-05-18,1298.0237,1.030044,12.931415
2026-05-18,2572.8347,5.503662,12.065805
2026-05-18,323.9089,3.731651,2.882745
2026-05-18,20.6914,0.430183,-5.105459
2026-05-18,11.3714,1.325924,0.808858
2026-05-18,346.9240,0.297873,-18.866518
2026-05-18,33398.0316,1.039341,6.866339
2026-05-18,18.5300,2.403408,-1.269383
2026-05-18,100.1346,6.956516,7.003871
2026-05-18,2996.2167,3.102667,0.507204
2026-05-18,3001.8282,8.999028,-2.907029
2026-05-18,15011.3898,1.450643,-0.908769
2026-05-18,402.2530,2.819102,-0.703051
2026-05-18,251.5749,10.169795,11.350333
2026-05-18,2997.4891,11.419574,10.097699
2026-05-18,1590.9419,9.004355,2.921657
2026-05-18,425.6839,5.481191,5.481191
2026-05-18,21488.9730,2.525758,7.119119
2026-05-18,2546.4477,1.196637,2.468459
2026-05-18,950.3418,-2.704083,-1.428695
2026-05-18,1394.6678,3.452701,3.311119
2026-05-18,7490.3616,3.148334,3.850575
2026-05-18,1997.0001,5.441066,5.441066
2026-05-18,591.4778,4.201940,6.513713
2026-05-18,14762.9568,-0.180765,-0.372340
2026-05-18,2474.6794,5.210118,6.012398
2026-05-18,572.4361,4.493177,4.303596
2026-05-18,128.6214,4.117593,6.810651
2026-05-18,2551.0155,2.325155,0.579162
2026-05-18,114881.6800,11.466655,2.880070
2026-05-18,2294.4386,4.019303,6.759346
2026-05-18,21277.5286,4.753255,1.473906
2026-05-18,44446.9080,-2.199131,-4.042806
2026-05-18,1997.3467,2.956540,9.845862
2026-05-18,2529.7487,8.638135,5.879982
2026-05-18,42.0734,9.049632,12.888839
2026-05-18,2.1035,9.521801,15.966981
2026-05-18,5.7223,2.703336,5.650286
2026-05-18,396.1646,0.195998,13.227081
2026-05-18,1583.8726,8.950795,2.868064
2026-05-18,1391.1462,10.071470,3.805430
2026-05-18,8950.8196,9.690192,6.902209
2026-05-18,2974.1991,7.631485,7.724420
2026-05-18,499.2435,4.250620,6.562381
2026-05-18,499.1479,0.410428,0.363258
2026-05-18,323.9116,3.083302,4.403833
2026-05-18,9.9929,7.510453,9.104367
2026-05-18,10126.0019,-3.177940,-1.843016
2026-05-18,2996.6146,-11.588383,-28.600347
2026-05-18,47775.3734,13.272909,9.442864
2026-05-18,341.8789,4.904044,5.186958
2026-05-18,22.9248,1.382565,1.382565
2026-05-18,1992.4950,2.568566,3.980755
2026-05-18,1604.5779,9.437597,3.796964
2026-05-18,45.2721,-0.233905,-1.564220
2026-05-18,5670.2403,4.747574,5.316303
2026-05-18,504.8740,2.499256,4.136025
2026-05-18,1190.8903,1.257396,0.879210
2026-05-18,1999.4650,1.748842,-1.132655
2026-05-18,100.3223,4.980207,1.446708
2026-05-18,189.2553,4.827081,5.911798
2026-05-18,3003.5013,-1.834486,-3.876418
2026-05-18,3004.2988,1.426806,0.017462
2026-05-18,89271.7022,3.587842,4.533897
2026-05-18,249.5823,-0.020304,0.923056
2026-05-18,499.2238,9.739949,9.739949
2026-05-18,592.0229,0.391743,0.344573
2026-05-18,962.0487,5.288572,2.576888
2026-05-18,2792.7330,3.379146,0.166219
2026-05-18,2997.7898,3.631892,5.052634
2026-05-18,1802.8259,9.236560,3.154003
2026-05-18,0.2134,2.772942,2.772942
2026-05-18,498.6646,1.587748,-1.860656
2026-05-18,1997.4607,3.188384,0.592943
2026-05-18,55.9476,7.111040,6.687025
2026-05-18,31198.1837,0.198198,5.332086
2026-05-18,2734.4688,4.166899,6.859944
2026-05-18,2.2022,6.364824,11.296849
2026-05-18,53.9950,1.204170,1.723237
2026-05-18,10552.7295,9.261952,2.458458
2026-05-18,9.8625,1.599769,-3.023085
2026-05-18,2996.6463,-11.694455,-28.706599
2026-05-18,5667.5426,-1.438228,3.815312
2026-05-18,504804.2102,19.190459,15.163063
2026-05-18,2537.4657,1.999454,0.358866
2026-05-18,908.2600,0.058128,-2.217080
2026-05-18,1583.8460,9.118739,3.036110
2026-05-18,20.3793,6.232082,5.945249
2026-05-18,1983.9916,5.580717,12.142810
2026-05-18,49921.1350,11.401872,11.401872
2026-05-18,2.4953,0.799124,-8.503842
2026-05-18,397.2214,6.329214,-0.294197
2026-05-18,2959.5455,7.534256,6.684567
2026-05-18,81.2818,3.569506,4.662420
2026-05-18,7843.7395,6.777984,12.867857
2026-05-18,3004.3097,9.354633,19.700720
2026-05-18,1501.8243,3.675321,5.475603
2026-05-18,11645.8133,-0.569182,-0.187631
2026-05-18,1297.7664,6.647502,9.858346
2026-05-18,78151.2325,5.485416,5.718864
2026-05-18,1898.4584,7.476968,9.070886
2026-05-18,476.7553,6.885879,10.689039
2026-05-18,1989.2436,1.018000,-7.535389
2026-05-18,415.5175,0.305185,-0.449066
2026-05-18,54572.7809,2.762219,-0.767029
2026-05-18,12495.0502,1.496247,3.822276
2026-05-18,2523.5979,11.158595,8.284644
2026-05-18,1103.0492,5.367954,10.330474
2026-05-18,79741.7105,2.451038,2.832530
2026-05-18,989.4166,4.325584,5.354140
2026-05-18,100.1971,6.390163,6.295936
2026-05-18,79.8034,7.774828,5.939626
2026-05-18,524368.2602,-3.537129,-9.389097
2026-05-18,372.1832,9.533478,9.300528
2026-05-18,1123.5547,6.591686,7.339995
2026-05-18,498.6630,1.620582,-1.260951
2026-05-18,1188.7830,2.289587,3.200289
2026-05-18,3009.9504,9.358486,3.717809
2026-05-18,382.1963,8.119878,10.998709
2026-05-18,3002.4907,10.318439,2.932770
2026-05-18,25294.8194,9.565640,1.043338
2026-05-18,1989.1900,1.287695,-7.265463
2026-05-18,1997.2898,3.241293,10.130419
2026-05-18,39475.7889,3.272978,1.200839
2026-05-18,2983.8403,1.102280,-7.451036
2026-05-18,3000.3219,8.838566,3.626803
2026-05-18,2738.4461,0.909215,-3.752464
2026-05-18,1798.7979,9.175801,3.093208
2026-05-18,2392.3266,6.863759,5.023198
2026-05-18,11426.4848,1.467715,0.995840
2026-05-18,1997.3604,2.887967,9.777336
2026-05-18,1130.0242,7.701829,7.794763
2026-05-18,132.2301,3.334552,0.598667
2026-05-18,347.6862,7.096606,5.406431
2026-05-18,2746.9638,6.214521,1.003527
2026-05-18,397.8253,0.739606,-3.916211
2026-05-18,1432.0981,9.674190,9.674190
2026-05-18,1999.4750,1.698940,-1.749426
2026-05-18,136.0113,2.546128,0.282356
2026-05-18,57396.3009,1.428339,-6.003393
2026-05-18,565.7406,1.478143,5.474117
2026-05-18,38352.7316,0.617488,13.398036
2026-05-18,41.9703,2.518299,3.078797
2026-05-18,2595.5085,1.530796,-0.966789
2026-05-18,48.7347,3.422531,3.989934
2026-05-18,100.1882,5.911027,8.136719
2026-05-18,2997.5642,11.169507,9.847599
2026-05-18,2023.0646,11.258671,9.936775
2026-05-18,545.5697,0.479494,2.277199
2026-05-18,2869.9894,5.229721,3.179603
2026-05-18,7040.0397,2.336748,-5.518657
2026-05-18,1627.3494,0.355188,3.754171
2026-05-18,2319.1491,6.115244,8.910247
2026-05-18,2996.3323,2.717203,0.121640
2026-05-18,3245.1830,2.663598,-1.994391
2026-05-18,126.8749,8.618059,8.618059
2026-05-18,9785.2002,4.587529,0.576577
2026-05-18,794.2443,9.820059,-1.365118
2026-05-18,4623.9191,4.335074,1.426118
2026-05-18,799.0793,1.966106,1.872598
2026-05-18,12702.3459,10.184797,8.913711
2026-05-18,2838.7856,5.213652,12.857759
2026-05-18,3006.5184,9.252670,19.598863
2026-05-18,999.4972,3.493692,3.352110
2026-05-18,20.3269,7.031238,9.217031
2026-05-18,299738.7369,7.563770,15.297147
2026-05-18,999.7850,2.714198,6.724426
2026-05-18,1516.8733,8.841995,-1.426632
2026-05-18,7056.6440,-0.934139,0.343183
2026-05-18,1998.1934,2.516168,1.581136
2026-05-18,100.1332,1.028428,-4.551447
2026-05-18,2984.1442,1.681753,0.318723
2026-05-18,500.6224,0.051276,6.392893
2026-05-18,2023.5897,2.953661,0.777938
2026-05-18,498.6621,1.637651,-1.243878
2026-05-18,499.1213,-0.089897,-3.624822
2026-05-18,380.9988,3.382051,6.569862
2026-05-18,1999.4787,1.680404,-1.201113
2026-05-18,9.9191,8.563588,6.701657
2026-05-18,2012.8264,4.516820,4.648767
2026-05-18,2983.7326,1.007846,-3.653786
2026-05-18,792.0441,3.387016,2.638411
2026-05-18,105.4714,2.777502,2.635628
2026-05-18,287.2796,6.915763,5.595563
2026-05-18,21.0328,5.148265,10.862180
2026-05-18,382.1957,8.135533,11.580491
2026-05-18,6685.9213,2.240630,-1.162855
2026-05-18,19984.8075,2.732521,0.180963
2026-05-18,2996.9861,-1.854310,4.323037
2026-05-18,999.4973,5.804989,3.493052
2026-05-18,79.2176,9.365436,3.282958
2026-05-18,51986.8025,1.762292,1.762292
2026-05-18,5.8878,3.438691,-0.803560
2026-05-18,409.1199,3.549093,4.823599
2026-05-18,1.0603,0.667104,0.714224
2026-05-18,49.8914,2.885752,5.450692
2026-05-18,1514.6925,6.329990,7.178603
2026-05-18,317.9473,4.703570,9.653381
2026-05-18,119.5002,1.960475,1.960475
2026-05-18,0.0332,6.615594,5.618901
2026-05-18,4777.6339,2.434289,2.434289
2026-05-18,1681.6557,1.041709,1.041709
2026-05-18,2699.9168,6.895459,12.138979
2026-05-18,2995.9275,8.100613,-2.292699
2026-05-18,1065.9350,6.696513,9.972308
2026-05-18,3.8658,0.915610,2.613251
2026-05-18,2996.7433,9.603450,13.331142
2026-05-18,115.0106,10.535200,14.087414
2026-05-18,114.3608,10.176402,11.356939
2026-05-18,136.0115,-0.908946,0.270104
2026-05-18,564.2086,7.919863,7.919863
2026-05-18,204.8102,0.512374,-0.510978
2026-05-18,2972.2396,10.758452,10.758452
2026-05-18,323.9086,3.742784,2.893879
2026-05-18,894.3751,5.205894,-0.474359
2026-05-18,698.8464,-2.784080,-5.609094
2026-05-18,1684.6229,-2.470925,2.462886
2026-05-18,1514.7004,6.277664,7.126281
2026-05-18,11417.8002,1.240795,-2.256258
2026-05-18,3680.8718,4.507391,4.460817
2026-05-18,8384.6474,0.485939,-1.026378
2026-05-18,1517.3811,5.308172,7.536944
2026-05-18,1887.2584,6.930325,19.170218
2026-05-18,18765.1693,7.972489,10.707391
2026-05-18,2981.5974,6.206597,9.001575
2026-05-18,1652.7213,3.268666,-0.338236
2026-05-18,415.7158,3.836743,1.666612
2026-05-18,2.9676,-0.807493,-0.191407
2026-05-18,653.4116,7.805357,7.805357
2026-05-18,2983.8101,1.203416,-7.349814
2026-05-18,2981.9347,9.688282,10.154164
2026-05-18,180.6110,2.366440,21.239687
2026-05-18,14.5251,5.062710,3.767678
2026-05-18,2396.0004,-2.320128,2.075988
2026-05-18,1274.7587,0.325421,-18.838917
2026-05-18,84.8450,0.170039,1.642995
2026-05-18,2874.6943,5.662880,12.224920
2026-05-18,1772.6295,2.862405,0.847575
2026-05-18,62.9994,5.456311,8.253506
2026-05-18,64883.9908,6.844717,5.381884
2026-05-18,1701.7461,-0.760792,-0.147889
2026-05-18,8986.4129,4.365064,9.981583
2026-05-18,24740.2707,-12.236069,-29.249134
2026-05-18,86.0522,6.726869,4.464624
2026-05-18,345.3388,1.124638,0.463082
2026-05-18,20.8654,1.549028,-0.326146
2026-05-18,1622.0377,-0.513333,-6.978410
2026-05-18,1065.1298,4.123586,4.453420
2026-05-18,17264.0123,-23.798051,-13.378868
2026-05-18,496.4396,9.489716,7.514810
2026-05-18,20093.3893,8.508167,2.780137
2026-05-18,9397.8913,0.181861,1.077081
2026-05-18,26019.4722,4.009629,7.450760
2026-05-18,709.2422,1.604540,1.604540
2026-05-18,2963.9219,4.040113,6.645063
2026-05-18,35150.2698,8.753196,8.045372
2026-05-18,382.6646,4.519561,4.519561
2026-05-18,2809.0459,2.831582,0.236049
2026-05-18,699.7234,-0.062003,6.206462
2026-05-18,37109.3614,7.673793,-2.031315
2026-05-18,8.2368,8.695738,13.811504
2026-05-18,17093.2671,3.300907,2.500567
2026-05-18,211.9526,2.147217,2.241460
2026-05-18,79971.1070,2.888599,1.003014
2026-05-18,634.4634,-0.551428,-7.016529
2026-05-18,99.5556,9.986004,14.750308
2026-05-18,2677.1203,0.335713,0.288543
2026-05-18,99.1791,1.615643,2.695173
2026-05-18,45089.0727,4.321922,5.884290
2026-05-18,389423.9058,20.280673,23.528766
2026-05-18,1005.7081,9.383731,3.301264
2026-05-18,2963.8897,8.101980,5.125619
2026-05-18,2998.6819,4.541758,4.541758
2026-05-18,1430.3732,8.965864,-2.940232
2026-05-18,2746.8792,9.198932,10.135647
2026-05-18,1005.7047,9.417663,3.335216
2026-05-18,2996.2681,2.931230,0.335722
2026-05-18,1798.3258,9.297309,3.214789
2026-05-18,285.9608,6.354520,9.938816
2026-05-18,11895.0743,1.207302,-3.273278
2026-05-18,1248.4985,2.312249,-0.278991
2026-05-18,273.9043,4.137006,3.346288
2026-05-18,1115.2954,3.085011,9.974244
2026-05-18,41646.3993,9.028371,6.749707
2026-05-18,2972.2094,10.859891,10.859891
2026-05-18,1797.8581,8.833065,2.750262
2026-05-18,653.4131,10.053157,7.782234
2026-05-18,215.8293,8.452821,5.385142
2026-05-18,999.3601,-1.702589,2.421209
2026-05-18,2620.0569,6.402240,6.402240
2026-05-18,2047.5549,2.921441,1.449358
2026-05-18,2313.6914,6.765059,6.481795
2026-05-18,4996.2092,2.518734,-4.608216
2026-05-18,1992.4866,3.034140,2.704631
2026-05-18,58178.4349,11.730640,10.456930
2026-05-18,49366.0010,3.282759,-1.572590
2026-05-18,3640.1326,1.300670,-1.345620
2026-05-18,2053.4895,1.802076,0.716580
2026-05-18,1432.7533,-11.772848,-28.785126
2026-05-18,2607.6304,-1.638421,2.485351
2026-05-18,339.6789,5.481192,5.481192
2026-05-18,2980.9375,8.970628,8.411751
2026-05-18,524.6646,-0.982631,-0.227671
2026-05-18,51.0457,0.842666,-2.000110
2026-05-18,2001.3479,3.072375,5.054137
2026-05-18,10.0856,3.254038,0.334923
2026-05-18,799.9787,2.661470,2.944348
2026-05-18,1270.0994,1.441226,-10.137826
2026-05-18,38875.3030,8.664844,7.248507
2026-05-18,213.3452,4.058387,-1.160348
2026-05-18,20.2277,9.388671,9.240986
2026-05-18,1391.1496,10.047440,3.781386
2026-05-18,20.2904,0.079101,-0.737512
2026-05-18,2998.7966,10.856570,9.678769
2026-05-18,21.1911,-0.174821,-3.901433
2026-05-18,1197194.2821,4.667888,5.895175
2026-05-18,127391.7522,5.023239,3.135867
2026-05-18,20.5353,8.991796,17.937499
2026-05-18,2865.0637,4.226929,6.538695
2026-05-18,3010.3752,8.508176,5.440514
2026-05-18,599.0674,9.758605,9.758605
2026-05-18,2542.0286,-0.090101,3.671261
2026-05-18,574.9831,0.796303,1.597864
2026-05-18,2996.6475,9.922824,13.650396
2026-05-18,100.1734,1.045802,-2.884093
2026-05-18,3010.2314,5.304132,6.106405
2026-05-18,98.1759,4.909091,10.319527
2026-05-18,91090.3553,2.356293,1.223782
2026-05-18,29986.4264,1.654424,-5.943121
2026-05-18,2997.5352,4.385922,6.611426
2026-05-18,6.2968,0.535609,-7.435644
2026-05-18,2995.2424,1.434545,-1.063064
2026-05-18,21791.3753,0.691706,-8.202738
2026-05-18,3100.5486,2.872006,0.979852
2026-05-18,200.3473,0.199020,0.199020
2026-05-18,1229.9243,9.042714,8.483840
2026-05-18,15636.9533,0.259421,-13.560230
2026-05-18,1999.4476,1.835814,-1.612504
2026-05-18,1722.4811,1.801441,-10.181971
2026-05-18,1684.3082,2.664151,7.593822
2026-05-18,2103.6481,0.266083,2.498448
2026-05-18,1042.7860,4.336272,5.000437
2026-05-18,2311.9158,3.924788,4.440594
2026-05-18,2964.7594,6.325771,18.863458
2026-05-18,2994.9759,8.263298,11.142088
2026-05-18,114.9798,2.695851,7.625506
2026-05-18,826.4903,2.309221,0.320380
2026-05-18,23722.4655,7.034130,8.628120
2026-05-18,2352.5487,4.916013,3.503789
2026-05-18,0.0033,5.683412,10.665706
2026-05-18,1612.1108,8.988726,3.973123
2026-05-18,8.0659,6.141218,10.446679
2026-05-18,168719.1330,8.017660,8.017660
2026-05-18,16894.7074,3.446779,3.683243
2026-05-18,632.8942,2.502907,-1.278429
2026-05-18,6706.2126,1.272964,-2.915828
2026-05-18,9368.7572,2.912460,10.970812
2026-05-18,520.4476,10.168748,10.497814
2026-05-18,3000.2911,9.598642,6.499787
2026-05-18,2256.6380,2.241587,0.495579
2026-05-18,1984.0057,5.510003,12.072143
2026-05-18,1391.1624,11.226929,8.352998
2026-05-18,2304.5987,10.949936,10.949936
2026-05-18,1005.7118,9.347127,3.264637
2026-05-18,21919.1511,0.974433,-0.206159
2026-05-18,2458.6792,0.947661,0.617270
2026-05-18,3010.4427,6.443252,8.047911
2026-05-18,24490.1398,5.669077,4.785173
2026-05-18,2458.3199,0.819640,-3.842081
2026-05-18,3010.4824,6.406070,5.131765
2026-05-18,11791.6720,-1.419648,-1.848759
2026-05-18,1851.5128,9.009462,9.103689
2026-05-18,1081.4270,6.981142,7.310511
2026-05-18,2994.9224,6.560222,8.722191
2026-05-18,20.6983,2.600481,1.945050
2026-05-18,3003.2226,4.378223,0.280721
2026-05-18,950.2297,1.262212,1.875914
2026-05-18,2996.7114,9.709910,13.437562
2026-05-18,924.6844,1.192892,2.746302
2026-05-18,2981.6519,9.797177,6.023888
2026-05-18,1999.4887,1.630502,-1.817888
2026-05-18,428.9248,2.776018,0.180470
2026-05-18,21788.3536,5.282113,3.056313
2026-05-18,930.9720,1.564472,0.634565
2026-05-18,2502.7032,8.169223,11.048040
2026-05-18,2945.6593,0.843486,0.796212
2026-05-18,10.3648,6.763202,9.357041
2026-05-18,2932.4341,0.243527,0.987520
2026-05-18,3.3284,7.863909,12.425229
2026-05-18,496.0375,1.407715,1.030156
2026-05-18,6.1988,5.405534,4.076526
2026-05-18,113.8407,4.783329,8.951980
2026-05-18,2549.5939,0.963402,-7.997513
2026-05-18,30893.8397,2.873997,4.561524
2026-05-18,365.2535,8.465426,4.507580
2026-05-18,31824.3254,10.701144,3.398763
2026-05-18,3003.1587,0.493374,-4.739243
2026-05-18,38028.8939,-22.818987,-12.400823
2026-05-18,2994.9969,8.193319,11.638257
2026-05-18,455.6100,9.253242,10.189953
2026-05-18,455.6240,6.268841,1.057875
2026-05-18,199.8493,12.354101,7.962505
2026-05-18,89.8131,0.228866,-2.072880
2026-05-18,3003.4371,-1.620718,-3.662607
2026-05-18,508.3906,2.441340,-1.965794
2026-05-18,84.1378,0.598116,-0.341927
2026-05-18,1194.1051,12.297109,7.905488
2026-05-18,2053.7732,8.824909,7.272444
2026-05-18,989.0299,2.393926,2.632041
2026-05-18,42334.0862,8.251931,7.642894
2026-05-18,3962.5551,2.037487,1.943097
2026-05-18,3003.2037,6.323667,8.770209
2026-05-18,101.7335,1.959469,0.931544
2026-05-18,31694.4440,8.147573,6.116234
2026-05-18,1889.9589,3.062297,0.513039
2026-05-18,5.0056,0.335656,-0.278019
2026-05-18,2984.2046,1.479479,0.116421
2026-05-18,0.9973,9.022380,10.817827
2026-05-18,970.0703,9.715001,9.715001
2026-05-18,2002.0923,1.659654,-0.893144
2026-05-18,3497.3615,8.496011,17.713331
2026-05-18,21116.0423,4.974928,9.937642
2026-05-18,9.8590,7.034144,5.892262
2026-05-18,55340.9863,3.527758,4.895010
2026-05-18,81011.2964,5.376298,8.176939
2026-05-18,1130.1442,10.630497,10.491098
2026-05-18,2319.7830,9.779619,10.245497
2026-05-18,474.8955,9.343881,9.343881
2026-05-18,991.2724,5.740919,3.428967
2026-05-18,3003.1917,4.481067,0.383607
2026-05-18,10823.2981,9.859234,5.828036
2026-05-18,1776.5191,1.193232,0.070094
2026-05-18,2139.8859,1.053146,-1.504996
2026-05-18,8418.9556,1.892617,2.129696
2026-05-18,505.0145,4.514357,-1.608074
2026-05-18,2.5723,7.591809,7.591809
2026-05-18,4998.9061,-1.338214,-0.629989
2026-05-18,585.1697,3.363781,2.615175
2026-05-18,2974.1572,10.560168,10.420768
2026-05-18,76616.5865,2.411267,1.514747
2026-05-18,2887.4457,3.322299,5.584802
2026-05-18,262.6197,1.061057,1.721968
2026-05-18,6990.0332,0.653374,6.295781
2026-05-18,106799.3015,12.120552,15.800298
2026-05-18,3010.3440,6.770975,4.930397
2026-05-18,2984.1744,1.580617,0.217573
2026-05-18,20.3752,7.114395,8.585643
2026-05-18,1997.3317,3.031577,9.920847
2026-05-18,188.2902,2.994083,9.883379
2026-05-18,3080.9104,0.280240,-0.804571
2026-05-18,1319.2194,8.542876,9.951019
2026-05-18,1998.5400,0.674295,0.627225
2026-05-18,1549.6745,-0.506409,-1.646558
2026-05-18,6.4593,10.750491,9.938106
2026-05-18,660.4723,1.233287,1.663121
2026-05-18,8199.4211,5.625028,2.513256
2026-05-18,234.4415,3.110828,3.110828
2026-05-18,2355.5076,5.827224,5.780723
2026-05-18,2362.1045,2.996461,2.666950
2026-05-18,20.3644,1.100565,1.862087
2026-05-18,45950.7435,1.229920,-4.305280
2026-05-18,499.2591,9.033770,8.656327
2026-05-18,2999.5336,0.399284,3.500030
2026-05-18,659.9903,0.628632,4.687197
2026-05-18,112.1911,4.495486,7.073707
2026-05-18,4231.5510,4.149459,7.139820
2026-05-18,1.9488,5.729885,4.927930
2026-05-18,329.4517,9.452684,8.178454
2026-05-18,2020.0571,11.330471,10.008584
2026-05-18,1989.2570,0.950574,-7.602872
2026-05-18,2976.3449,2.328699,0.561665
2026-05-18,869.3442,8.703674,9.565300
2026-05-18,1009.3563,1.775022,7.688054
2026-05-18,1267.2161,4.722196,-1.057065
2026-05-18,1470.0904,0.434276,1.331782
2026-05-18,102.9483,1.649248,-0.535317
2026-05-18,2.5333,6.699337,7.644734
2026-05-18,659.9888,0.651930,4.710484
2026-05-18,40135.6695,5.862911,0.451862
2026-05-18,46305.4712,9.276066,18.469603
2026-05-18,2997.3156,2.431076,1.496035
2026-05-18,6.1757,1.135733,0.429617
2026-05-18,1989.4127,1.766032,0.403014
2026-05-19,210.7510,-0.926849,2.628177
2026-05-19,1786.2309,2.310813,2.736242
2026-05-19,1593.6525,4.879439,7.100078
2026-05-19,932.0415,4.682586,4.682586
2026-05-19,1117.5197,6.723034,6.581667
2026-05-19,57.5174,3.953443,5.702181
2026-05-19,71.3328,1.706381,3.212301
2026-05-19,2661.7641,6.896240,0.299650
2026-05-19,2998.1894,5.993678,2.875386
2026-05-19,16.9172,1.823183,1.823183
2026-05-19,70.2825,0.765895,0.150119
2026-05-19,2491.0351,6.907266,4.489462
2026-05-19,29002.9924,11.383341,9.278461
2026-05-19,46.5451,7.846042,8.029027
2026-05-19,2999.5310,-0.833004,-1.777434
2026-05-19,2984.6006,6.153342,6.011967
2026-05-19,41.9682,3.864620,1.219021
2026-05-19,42656.6147,10.176025,8.070891
2026-05-19,21.3078,4.472252,6.204502
2026-05-19,5.0098,6.878285,7.203922
2026-05-19,47326.5237,0.817733,1.387627
2026-05-19,2755.5413,8.254567,5.783474
2026-05-19,19.1623,6.191856,2.209362
2026-05-19,1989.8395,4.161149,6.093382
2026-05-19,3004.8941,10.886105,7.334016
2026-05-19,3002.0836,10.057304,14.421558
2026-05-19,10.0620,0.481842,-3.467086
2026-05-19,722.6521,2.432371,7.845715
2026-05-19,21636.7650,1.773707,-2.861024
2026-05-19,40051.8261,6.835235,9.044973
2026-05-19,423.7220,1.157880,0.555632
2026-05-19,20.4724,5.315357,3.701939
2026-05-19,2997.9891,9.467131,8.614088
2026-05-19,623.2487,5.033359,5.691738
2026-05-19,3004.0602,8.558838,9.702284
2026-05-19,7633.2464,1.490455,1.490455
2026-05-19,2117.7273,0.376931,5.006725
2026-05-19,2828.1348,6.989662,0.393133
2026-05-19,87.5833,7.262998,7.262998
2026-05-19,1855.9009,1.230321,5.996501
2026-05-19,16564.9169,-0.823926,-5.110817
2026-05-19,47.1914,0.126895,-2.527949
2026-05-19,2999.8509,6.927664,9.472055
2026-05-19,3004.5368,5.130933,6.121904
2026-05-19,1989.5192,5.534392,5.722872
2026-05-19,80.1231,-0.369578,3.091931
2026-05-19,5776.1518,1.906991,-0.151997
2026-05-19,212.9570,0.470895,-1.593858
2026-05-19,2846.6636,6.477116,11.034115
2026-05-19,149.7924,3.439055,4.147938
2026-05-19,296.5707,1.067024,0.547053
2026-05-19,2984.7129,4.316399,6.248601
2026-05-19,3002.3857,1.629602,8.985835
2026-05-19,2001.5082,5.016830,8.317535
2026-05-19,21.1050,3.409793,0.726315
2026-05-19,215.4822,0.631222,0.583904
2026-05-19,4014.7384,2.363096,-0.473589
2026-05-19,3004.8644,10.984610,7.432556
2026-05-19,764.1070,9.454076,9.548379
2026-05-19,831.0281,11.108127,10.257942
2026-05-19,730.9475,5.593345,2.853721
2026-05-19,1992.3174,1.486648,-5.496856
2026-05-19,120.1511,-1.364410,4.860412
2026-05-19,18789.9909,7.500371,9.161512
2026-05-19,11609.7009,3.812852,3.623767
2026-05-19,20.4931,8.977471,5.199191
2026-05-19,35952.3903,5.368051,5.368051
2026-05-19,1999.3127,0.942548,0.147530
2026-05-19,239.7922,2.694059,0.260514
2026-05-19,1999.9205,6.969531,7.299362
2026-05-19,6020.1831,8.111097,9.236946
2026-05-19,8.0577,2.745891,3.683942
2026-05-19,12249.6844,6.949288,5.244511
2026-05-19,498.3661,4.897008,3.953537
2026-05-19,84503.4941,8.481927,9.712127
2026-05-19,3002.5382,1.122008,8.478615
2026-05-19,994.4084,6.101721,4.700639
2026-05-19,171.9523,8.505955,9.649407
2026-05-19,3000.7432,9.297049,7.444724
2026-05-19,184.7107,10.568596,6.868674
2026-05-19,2561.2954,4.329400,1.123763
2026-05-19,868.5906,7.278330,9.306864
2026-05-19,1000.7334,9.420224,9.514528
2026-05-19,20.5233,6.277448,14.622402
2026-05-19,173.9802,0.007475,1.565279
2026-05-19,2003.8725,3.581760,4.387146
2026-05-19,2002.9805,5.350911,6.341861
2026-05-19,263.2451,11.159774,8.554001
2026-05-19,9.8331,2.321379,3.881776
2026-05-19,588.0460,6.989785,4.862994
2026-05-19,1540.2730,4.804542,8.105317
2026-05-19,925.1956,-0.851361,0.716256
2026-05-19,497.4305,6.213125,6.071751
2026-05-19,1663.2892,6.890513,9.057965
2026-05-19,2330.4142,1.105150,1.105150
2026-05-19,1427.3688,8.530563,8.530563
2026-05-19,59.9168,2.212610,8.804376
2026-05-19,2517.6402,4.427447,6.359628
2026-05-19,572.4320,-0.691790,0.850693
2026-05-19,924.7833,4.111379,6.043621
2026-05-19,4284.5043,0.626226,3.318070
2026-05-19,3000.0953,7.749560,5.278342
2026-05-19,2306.4163,5.819784,8.525217
2026-05-19,92.0299,1.039609,-0.131726
2026-05-19,2999.8382,6.969866,9.137301
2026-05-19,1.0005,3.482686,4.476256
2026-05-19,675.2451,6.202796,2.220306
2026-05-19,10929.4110,3.989970,5.175829
2026-05-19,2999.9267,8.135728,6.816381
2026-05-19,1989.6309,6.669681,6.528313
2026-05-19,1327.4308,5.591357,5.779836
2026-05-19,3190.6244,2.396932,2.396932
2026-05-19,18305.9043,1.578746,0.682671
2026-05-19,21570.9164,7.604948,10.454666
2026-05-19,46084.0075,0.406219,4.571366
2026-05-19,5.8578,8.496059,9.485800
2026-05-19,1727.8891,2.046632,0.628325
2026-05-19,2984.4215,6.611683,3.784346
2026-05-19,393.1698,9.582976,6.229404
2026-05-19,2001.6481,1.341970,8.698415
2026-05-19,2003.4523,6.198897,13.303748
2026-05-19,9.9623,1.379177,2.984528
2026-05-19,1992.9493,5.820375,1.241897
2026-05-19,996.6204,-0.765375,-0.523823
2026-05-19,6343.4029,1.715812,3.887951
2026-05-19,7.3123,8.466646,9.318010
2026-05-19,12967.0519,4.187840,7.679439
2026-05-19,3026.7190,4.248866,1.043204
2026-05-19,152.6616,9.969034,10.441153
2026-05-19,2944.4244,4.382019,6.063520
2026-05-19,2985.6231,3.807994,-3.303612
2026-05-19,525.3575,0.959813,1.054588
2026-05-19,3787.1180,8.133136,3.174124
2026-05-19,12299.5405,2.097365,2.805805
2026-05-19,600.2870,8.555390,9.598452
2026-05-19,16795.9461,3.645027,3.645027
2026-05-19,2942.1093,6.051871,5.910495
2026-05-19,497.4154,6.516159,6.374789
2026-05-19,3004.3827,10.621707,6.921805
2026-05-19,1804.9362,6.372059,10.114946
2026-05-19,81.0712,1.041664,1.041664
2026-05-19,4223.7459,0.924376,-3.751006
2026-05-19,3000.1260,7.647420,5.176177
2026-05-19,16872.1469,5.980940,9.717791
2026-05-19,8787.9556,1.294597,1.294597
2026-05-19,401.1944,0.727723,2.243084
2026-05-19,2984.8245,3.942652,5.874927
2026-05-19,2003.4944,2.786458,-2.971966
2026-05-19,20.4359,0.640717,0.740655
2026-05-19,49.7849,4.452867,7.726301
2026-05-19,3003.9256,10.149808,10.197237
2026-05-19,0.5011,9.522769,9.146203
2026-05-19,2.4802,0.131486,-2.523356
2026-05-19,913.5817,0.024173,0.024173
2026-05-19,147.2028,0.741764,2.345036
2026-05-19,84457.7894,4.707787,4.707787
2026-05-19,652.1212,2.314268,6.873794
2026-05-19,493.9646,7.588473,7.067442
2026-05-19,1845.7062,9.372142,9.466447
2026-05-19,6.3147,3.659256,1.911846
2026-05-19,521.6234,0.047817,0.284135
2026-05-19,571.3665,0.566480,-2.787413
2026-05-19,2630.1531,4.360481,5.069860
2026-05-19,24174.4280,-0.192974,-3.699129
2026-05-19,2712.3152,6.711666,11.268558
2026-05-19,21.0771,5.849326,5.849326
2026-05-19,182765.9986,19.787215,35.399980
2026-05-19,2057.9220,4.505588,6.437754
2026-05-19,297.1648,4.541316,3.785153
2026-05-19,1804.1932,5.405977,5.594459
2026-05-19,265.1500,5.845334,7.452612
2026-05-19,119.4534,9.439228,9.533531
2026-05-19,1092.0566,2.258776,0.317932
2026-05-19,3000.7739,9.194910,7.342566
2026-05-19,2791.1999,6.640812,1.085768
2026-05-19,51747.6156,5.079403,-0.405855
2026-05-19,3003.9698,10.002628,10.050057
2026-05-19,266.8492,-0.005014,1.738481
2026-05-19,483.3035,4.720418,8.299335
2026-05-19,3001.5119,9.586725,10.248907
2026-05-19,2998.2627,4.379382,5.749574
2026-05-19,7939.0224,0.598520,0.409072
2026-05-19,66.6003,5.349561,7.058377
2026-05-19,1362.2787,3.579066,2.300512
2026-05-19,881.4662,1.470519,6.683504
2026-05-19,1579.5698,0.731771,0.731771
2026-05-19,3000.6818,9.501316,7.649030
2026-05-19,253.6022,6.534830,5.164688
2026-05-19,2066.2408,5.370508,-4.725246
2026-05-19,34.9039,6.812816,12.240831
2026-05-19,6107.4272,3.320203,4.170255
2026-05-19,2608.4291,7.727622,9.769454
2026-05-19,1814.0881,10.535273,6.835339
2026-05-19,1559.0972,0.557426,0.463038
2026-05-19,19.6585,1.512265,2.084444
2026-05-19,2715.6618,3.712272,-3.399403
2026-05-19,2397.4563,1.441273,0.397360
2026-05-19,13256.6043,-0.230568,-1.510973
2026-05-19,7048.5419,9.663230,12.076132
2026-05-19,2379.6405,-0.698152,0.999635
2026-05-19,13.2996,0.199232,0.956425
2026-05-19,472.9397,1.101980,1.715952
2026-05-19,2850.4809,6.376659,10.933704
2026-05-19,1281.7184,3.205796,3.348032
2026-05-19,3004.5979,4.927869,5.918861
2026-05-19,3005.2976,2.600251,-3.158280
2026-05-19,45031.0547,6.509384,7.125553
2026-05-19,3000.0646,7.851700,5.380507
2026-05-19,2001.6616,1.274291,8.630785
2026-05-19,21.3269,3.232100,4.121145
2026-05-19,2216.1969,9.498241,10.160429
2026-05-19,52.3261,1.157538,0.402287
2026-05-19,4492.5476,10.553870,9.799310
2026-05-19,2517.6233,0.034748,0.128243
2026-05-19,2899.6198,6.573817,11.130772
2026-05-19,59137.1753,0.951061,0.336109
2026-05-19,2445.4916,0.649995,3.650600
2026-05-19,6005.2417,0.372237,-0.423231
2026-05-19,4583.7789,2.853994,1.202723
2026-05-19,3004.5673,5.029402,6.020383
2026-05-19,1390.6640,3.114449,3.067178
2026-05-19,1842.1084,5.468595,5.657077
2026-05-19,845.1267,8.579769,9.622828
2026-05-19,3000.0033,8.055977,5.584834
2026-05-19,6493.4152,0.795011,-1.222957
2026-05-19,1807.2196,0.453211,0.266179
2026-05-19,5645.2154,6.552425,3.092442
2026-05-19,2629.9815,10.715583,7.015717
2026-05-19,648.6101,9.543362,9.260375
2026-05-19,2988.0052,3.313244,1.750985
2026-05-19,16982.0441,-0.251984,-4.990306
2026-05-19,611.0305,9.330643,9.424948
2026-05-19,2001.6752,1.206610,8.563154
2026-05-19,8634.2399,2.308839,-1.662166
2026-05-19,1242.4359,6.707740,1.152733
2026-05-19,142.3947,5.511932,7.151013
2026-05-19,661.3601,0.969110,1.439353
2026-05-19,251.6620,2.024805,2.786387
2026-05-19,2984.5101,6.456372,6.315001
2026-05-19,1114.8882,9.088407,7.236044
2026-05-19,3005.8512,8.320105,6.377678
2026-05-19,6334.0173,0.314934,4.940773
2026-05-19,2333.9773,8.784728,10.762604
2026-05-19,1798.6003,4.524378,-2.938792
2026-05-19,1085.9889,0.995761,-0.043649
2026-05-19,650.1397,1.551914,1.551914
2026-05-19,2057.9787,4.230280,6.162499
2026-05-19,2608.3156,2.052068,-0.711782
2026-05-19,2861.7475,10.428363,10.710688
2026-05-19,136.3142,6.426952,10.983974
2026-05-19,12548.8355,4.092824,4.092824
2026-05-19,470.9334,8.984138,7.131756
2026-05-19,2031.3725,10.806606,13.412208
2026-05-19,2984.5407,6.353878,6.212505
2026-05-19,3004.4453,5.435516,6.426457
2026-05-19,1989.6530,6.558864,6.417494
2026-05-19,1000.8597,4.781727,4.781727
2026-05-19,210.9640,3.571931,1.066625
2026-05-19,6.9634,1.669941,1.575497
2026-05-19,963.0667,11.029767,13.563330
2026-05-19,785.9460,8.189624,6.247171
2026-05-19,446.5039,1.191096,5.957295
2026-05-19,2984.7940,4.044603,5.976858
2026-05-19,838.5180,4.862067,1.560220
2026-05-19,2697.9206,2.184694,2.184694
2026-05-19,148.8363,7.135953,4.962846
2026-05-19,83.2172,-0.294824,1.223266
2026-05-19,1653.1293,6.607137,6.465768
2026-05-19,3002.4467,1.426569,8.782952
2026-05-19,3518.7558,1.602453,2.827542
2026-05-19,1373.1900,0.037044,-4.701141
2026-05-19,943.4344,6.552996,6.552996
2026-05-19,13831.7778,4.153335,4.153335
2026-05-19,1999.9341,6.901465,7.231299
2026-05-19,457.8712,10.345789,13.328121
2026-05-19,2177.1977,-0.551455,-0.551455
2026-05-19,1412.3564,10.076221,10.123650
2026-05-19,1475.0366,0.339511,0.339511
2026-05-19,1416.9201,0.859849,2.374572
2026-05-19,998.9911,5.110883,4.033668
2026-05-19,936.3189,0.691319,5.260257
2026-05-19,1601.8629,4.683787,7.984602
2026-05-19,1095.6533,10.181045,9.188930
2026-05-19,16.5618,8.399957,4.201132
2026-05-19,2985.9372,-0.988384,2.566663
2026-05-19,1901.6393,4.332819,1.127183
2026-05-19,422.9965,1.174626,2.541981
2026-05-19,1962.4540,6.073795,6.499013
2026-05-19,339.6943,1.016584,2.870100
2026-05-19,4006.5403,2.518271,2.518271
2026-05-19,65.1907,0.389767,0.060114
2026-05-19,1507.3983,4.856054,8.156812
2026-05-19,16528.8180,3.912275,6.013416
2026-05-19,3000.1566,7.545273,5.074005
2026-05-19,45.3620,9.198462,7.972577
2026-05-19,2001.5627,4.744682,8.045477
2026-05-19,417.6986,3.413880,3.555292
2026-05-19,2306.5816,0.622881,0.528493
2026-05-19,140.0175,8.420074,9.416047
2026-05-19,91235.5515,2.932223,-4.924389
2026-05-19,657.7550,2.776374,3.957534
2026-05-19,114.1389,7.795107,8.356611
2026-05-19,3005.1532,6.282805,13.387596
2026-05-19,1234.6497,3.608945,1.394231
2026-05-19,98.7221,7.339044,11.749632
2026-05-19,9997.9791,-0.726967,-0.348251
2026-05-19,21.0353,8.168811,10.011716
2026-05-19,2878.2933,2.118917,-1.852163
2026-05-19,10207.7076,4.646990,5.778019
2026-05-19,352.8901,1.511731,0.475406
2026-05-19,331.8556,5.640442,8.844631
2026-05-19,3002.2369,5.101395,8.402072
2026-05-19,3000.0340,7.953840,5.482672
2026-05-19,499.9641,4.375913,6.308104
2026-05-19,1989.5277,5.680143,8.884319
2026-05-19,482.0962,4.318521,4.649459
2026-05-19,2955.2808,8.157352,5.686235
2026-05-19,3002.4162,1.528086,8.884394
2026-05-19,1225.1351,2.724407,-1.836167
2026-05-19,334.4607,3.620903,4.426285
2026-05-19,1659.3533,0.426208,-2.455507
2026-05-19,18667.7431,4.506627,4.411915
2026-05-19,211.0966,0.870964,3.803961
2026-05-19,347.5216,5.775982,8.481428
2026-05-19,3358.8230,5.160300,3.759033
2026-05-19,498.3679,5.447423,4.881426
2026-05-19,9604.6178,0.553252,3.266203
2026-05-19,111.9107,8.595929,9.638986
2026-05-19,7612.7966,3.790026,4.544889
2026-05-19,656.3844,10.525529,11.940526
2026-05-19,330.2897,7.835590,7.458818
2026-05-19,4143.9234,1.791355,2.777879
2026-05-19,2002.9940,5.283226,6.274183
2026-05-19,39351.3282,10.556748,3.551976
2026-05-19,7990.7890,0.580153,2.288289
2026-05-19,1289.8730,6.644320,11.201242
2026-05-19,1132.3419,7.664178,9.706022
2026-05-19,5.4595,8.183518,10.615897
2026-05-19,17259.0791,4.680477,6.760034
2026-05-19,1071.3466,9.125615,7.273259
2026-05-19,352.1922,7.639025,9.680874
2026-05-19,0.5610,9.121811,11.205005
2026-05-19,2001.3703,9.622330,6.268771
2026-05-19,8.1828,7.438737,7.538608
2026-05-19,2868.3223,2.735602,3.345872
2026-05-19,825.0026,0.527263,2.000362
2026-05-19,594.0406,4.356503,1.947203
2026-05-19,3000.7125,9.399184,7.546879
2026-05-19,30882.2818,1.204846,11.292178
2026-05-19,1772.1739,11.194126,8.588361
2026-05-19,2984.3417,6.878711,4.051449
2026-05-19,85.6484,5.659324,4.768978
2026-05-19,20287.8662,0.371798,3.482996
2026-05-19,3002.2877,4.932264,8.232997
2026-05-19,825.3544,1.447991,2.348384
2026-05-19,4595.9882,0.165990,1.895002
2026-05-19,570.8968,7.340551,7.340551
2026-05-19,1089.6724,9.284762,12.700918
2026-05-19,27.0015,1.129514,2.216310
2026-05-19,2771.5228,0.587456,2.060546
2026-05-19,2270.7976,9.030780,7.178406
2026-05-19,641.0546,9.091304,8.431033
2026-05-19,210.2175,0.499165,-2.418068
2026-05-19,3349.4611,2.853957,1.379751
2026-05-19,65182.9349,1.756670,0.667307
2026-05-19,1223.1853,0.861242,1.810059
2026-05-19,3004.0301,8.658966,9.802401
2026-05-19,3000.6511,9.603449,7.751181
2026-05-19,2003.0076,5.215541,6.206504
2026-05-19,9900.5618,4.318691,2.710909
2026-05-19,2984.4030,6.673736,3.846417
2026-05-19,3005.2670,2.701819,-3.056653
2026-05-19,1074.8494,8.761490,7.340231
2026-05-19,164006.0127,8.117327,8.070171
2026-05-19,82.0845,9.536105,10.198290
2026-05-19,2984.3723,6.776225,3.948934
2026-05-19,2996.0923,10.328637,10.610964
2026-05-19,2003.9176,8.236295,6.293852
2026-05-19,3003.9999,9.902515,9.949944
2026-05-19,2.2290,6.180329,10.207430
2026-05-19,2542.5640,5.244532,5.244532
2026-05-19,10798.5697,5.514696,7.116350
2026-05-19,2989.4492,5.736030,1.157514
2026-05-19,289681.6498,4.630844,4.630844
2026-05-19,588.1683,8.315496,8.315496
2026-05-19,2661.1130,1.526411,0.482506
2026-05-19,2987.9758,-1.845275,-2.034811
2026-05-19,1024.3957,2.887640,2.650495
2026-05-19,1235.1334,11.966883,10.401030
2026-05-19,3447.9810,3.354721,3.869340
2026-05-19,23.9299,0.973460,1.874896
2026-05-19,142.1156,4.153630,1.369400
2026-05-19,9.9939,7.223449,4.766161
2026-05-19,271.1070,-0.934786,2.620242
2026-05-19,191.8787,8.344616,7.685602
2026-05-19,2987.7825,-0.849000,2.940308
2026-05-19,2357.5722,6.262153,6.120779
2026-05-19,2912.2900,4.952863,7.173486
2026-05-19,657.7563,2.755183,3.936346
2026-05-19,1704.6409,3.519695,4.325086
2026-05-19,79.0081,4.005106,10.769965
