usd_amount,markout_bps
30.0555,-4.048316
79.1524,-4.043166
1801.1085,0.084872
109.9002,2.710629
39.2591,-3.666933
31.2124,-3.663607
80.8012,0.003810
5885.6915,0.285059
250.4951,0.574317
2752.7084,0.715893
7405.1495,2.296966
11449.3263,-0.422986
27983.6842,1.434282
537.8562,1.495364
5.5538,3.154558
0.0409,0.780229
1265.0526,-1.162096
545.8286,-6.446971
235.1790,3.391248
644.9945,5.422087
161.6885,0.007617
975.0036,-1.480968
47.9208,-1.432789
541.7857,4.471827
209.7936,3.356400
790.5918,1.591665
47.1809,0.124699
1802.0205,0.211706
37.0178,-2.314940
13196.9498,0.508031
0.7528,3.775679
35.8170,-0.585841
1085.8078,0.443808
2.0714,1.020326
424.6912,5.816006
271.8367,-1.957262
790.2767,-0.053153
79.8707,-3.250498
31.1093,2.197840
229.1491,-3.261057
1.4290,2.690693
73.5575,7.376362
111.0343,0.389860
3286.9068,0.227167
140.3295,0.388091
20064.8954,9.366408
1.6653,10.309717
817.0293,10.348061
55.5769,4.150106
417.1925,1.494554
95.0465,0.837799
432.4227,1.476257
319.0254,2.607355
6973.9766,5.648611
181.5623,-0.232254
0.8275,-1.909022
1924.4325,0.090235
4850.0624,5.301409
165.4837,0.347878
94243.6198,4.768332
38.9377,1.268288
79.4276,0.003718
393.0956,1.560704
9.3238,1.579557
0.7903,2.511165
5748.8609,1.817761
39.5618,2.089314
188.4390,2.100006
2.9552,4.542132
5076.9551,-8.036267
99782.0926,-1.051765
28.3848,-0.523044
5.9881,0.000265
975.9547,0.095975
2134.1566,5.889065
43603.0742,7.168788
18013.6881,8.997365
4197.7468,4.709559
375.4012,-0.591131
4055.5668,-0.273153
10351.1669,-0.135165
12.3748,2.745353
3990.3019,2.867140
2754.5340,2.272860
515.1296,2.426303
156.5650,2.457828
471.4698,2.487300
331.5266,2.524985
121266.8708,7.251976
699.1344,0.032798
4267.2547,0.956452
158.1787,0.007424
16039.0820,6.033913
219.0009,0.051603
2453.0734,0.177006
314.8189,0.242828
3.2548,0.257663
42.7057,-0.505569
3349.1492,1.742093
348.2129,-1.404894
3.8925,3.283908
319.5001,2.523255
201.3600,4.288224
5.9389,0.000326
54.6624,-1.348236
1.8068,-1.345517
42.6736,0.972092
7.4906,10.489098
9380.9437,9.144196
6105.7039,11.506316
886.3856,11.834973
8604.2758,7.638147
458.1518,0.021510
7459.4414,-1.807072
273.3525,3.259653
8.3532,0.068689
294.0606,0.233868
28.5199,0.066955
70.4779,0.071592
3848.9552,0.180511
716.7205,0.394630
410.5285,3.019960
265.3495,-2.125726
10.2148,-0.871686
31.7555,0.331246
148152.1087,9.679326
34.4905,1.508739
26525.6325,4.353173
19.9460,0.000931
4018.6517,3.670189
5.6425,3.859167
471.7834,3.881593
433.2736,-2.586621
1654.1988,1.615771
158.2524,0.494231
2082.0635,2.474010
504.1527,0.888836
77.6055,-0.499261
4.5842,-0.138268
635.7473,1.139104
39.5238,2.147964
245.9354,-0.373264
1375.6868,-1.245823
3.7780,-1.278632
62.0002,-1.275606
1290.5120,1.413936
1065.3588,1.524407
46.9802,1.576570
114.6705,5.241058
1555.2096,4.756507
8922.7959,3.281661
3.7806,0.451253
103663.0117,5.317895
0.9506,-0.000165
37.0278,0.001733
1443.4442,-4.142089
78.8325,-0.876695
178.4163,-0.502063
15.7411,-0.492980
8.2345,0.971942
286.9788,1.720894
10.7664,0.692496
13.2751,0.693656
8816.9818,0.240903
34604.6518,10.495308
28.6091,0.001341
135.5686,0.976984
9523.9309,4.125139
21.0060,1.211131
157.5040,1.219497
9.5424,5.611431
22343.3005,1.235510
125.5853,2.823949
12197.0728,7.515952
117493.7661,11.182445
1100.6208,0.731570
1226.7460,2.224083
8.1787,4.315452
67.1467,1.668738
785.8515,-1.102850
0.0466,1.496291
30.5359,-8.429975
27061.4401,14.648670
1990.7826,-4.011914
5.7782,-6.321660
21.0937,2.039690
290.5479,-1.578432
2752.4440,-1.435455
8942.4431,3.517600
22.3581,-0.000866
0.0271,2.559988
212.1929,2.568605
971.2331,6.145559
158.2731,-3.096414
23.3913,0.001096
208.6418,0.012006
16815.9903,10.126299
306.4051,13.038768
4305.7007,13.306984
484.9196,-3.616422
363.1710,-3.225903
671.8450,8.861780
62.8046,2.649337
238.9050,2.217917
40.7812,6.194777
34.8465,-4.074085
0.9612,1.763763
1582.0562,2.499778
159.6402,-1.134762
754.9239,1.375383
8.2358,1.411131
16.9032,-0.539221
42.1451,-1.379351
40.3992,-0.623864
77.2472,6.216016
604.9716,6.248000
11401.8144,3.409624
18794.4271,4.822993
18.7526,-1.448210
4986.9348,0.639273
376.1359,1.381058
26.2778,-0.567051
195.4206,-0.139495
2.4153,-0.130322
0.2299,-0.975267
4305.1349,0.253847
1152.2987,-1.748729
36678.7174,7.185567
3332.4721,9.064873
0.5618,1.314713
25.8996,4.012262
1210.7095,-0.450451
1.1503,11.225388
797.3057,-0.135509
18.2325,-0.097245
79.0472,1.785538
14.6026,3.253801
128.0487,-0.227974
432.2516,0.049739
724.4651,0.104005
6137.1807,-1.064888
316.3015,-2.308561
166.2162,0.985286
1446.0202,4.277983
4749.2819,1.121344
15.4529,8.169579
220.0357,1.907440
12520.7086,-2.190706
79.6189,3.547217
15483.0768,9.865428
1479.0826,10.662130
20.1729,-1.306659
2279.4936,6.108970
23.7382,6.217092
2.3708,-5.661837
685.3013,2.720459
36.1215,0.391567
4827.8635,-0.806624
3307.6697,2.329678
4.0531,1.628080
774.8130,3.329858
257.9158,2.121474
180.2476,1.216105
0.4103,-0.040029
142.7203,0.192422
2.8208,0.199360
1581.9238,-0.652883
37943.8486,2.148773
7296.6328,0.065517
93.1843,0.312997
98.8670,1.224977
109.0923,-1.159767
1.6141,-0.000073
353.3928,2.016532
8075.8976,9.035637
117967.5219,6.072539
852.9916,-1.751606
79.3018,-1.707832
23.8768,-1.427288
30.3665,-2.574974
294.5418,-2.559725
12032.6817,-0.097754
338.3524,2.558498
11880.5545,4.674822
23232.6869,4.752937
3.9445,0.000155
19.3616,-0.555296
15.6608,0.000734
5865.7442,7.036461
166.1186,0.445302
354.2444,0.016628
8849.6345,3.877693
623.3108,4.322762
27.6923,4.353346
8440.0398,4.611253
90.8966,2.217807
866.5070,2.262719
16445.6366,3.654148
11.7385,0.487043
1.6004,0.000199
16.6575,2.726733
66.7897,2.730662
85.8126,0.004031
103.7534,-1.154610
5.6467,0.481709
2691.1194,1.801998
7413.3359,-0.046135
2058.1602,0.414515
1166.2917,0.922755
56.6023,2.107343
39.1466,1.489628
20.0651,1.320247
1080.5161,1.877162
626.1322,0.029397
12.5015,0.057372
32.7406,0.001534
10835.3702,0.770078
9191.9373,-0.066772
6.4143,0.365337
4.5396,-0.019150
1050.1918,2.792612
4969.3133,2.834804
10794.9429,3.596555
3.9476,4.104073
5.7574,0.000259
210.8265,0.009905
13.0707,-1.256782
114.3162,-1.085745
118.2680,-1.074820
1.3803,1.825822
1258.3031,-1.234130
476.2262,-2.734108
3877.8869,1.205676
69.5061,2.461579
470.0817,2.874078
189.5271,2.905046
57.2025,0.909484
633.7019,0.495096
632.7943,1.058622
23.2555,1.521951
2018.7217,0.203860
13.9775,0.299323
275.5969,5.274704
3360.0656,11.615194
234.0827,-0.902799
754.0985,-1.095744
315.5123,-1.045484
873.3695,-0.989620
206.0101,-0.039838
84.1866,2.975544
1223.0512,3.036927
98.9365,2.564677
70.3582,0.132075
757.9861,3.451903
74.2375,-4.121145
234.6425,-4.106634
161.2668,-6.341670
931.6920,6.079461
0.0162,6.140450
4.7469,2.016855
109.6091,2.022235
365.5095,2.044592
76.2589,2.065381
392.4570,-4.120496
544.2756,3.244880
0.3892,0.714372
74.7263,-4.879590
240.2966,-4.864771
28.2412,-1.809157
3558.4474,-0.134720
2373.5017,0.798026
18.9874,0.910581
151.3437,-5.771426
1512.7720,2.941985
26.4347,-3.181235
208.4606,1.493021
39.8379,-3.151239
5.3461,2.383939
4297.3857,0.202547
380.6542,-1.828112
79.2460,-1.733388
133.6297,3.717710
124.3471,5.836611
2743.2466,3.140403
1075.1732,-0.972137
358.3653,-0.904528
10.9188,0.000515
238.0099,0.012259
786.6695,0.060599
92.2177,-1.567118
56.8282,-2.139669
12051.2447,0.569000
89.6217,-0.675001
44.3915,2.356957
2276.8980,3.974301
199.1690,-3.719790
144560.5316,14.606702
30.7500,0.969579
3.9176,1.098037
749.8354,2.343802
100.0429,-5.308128
95.5139,0.345975
116.0394,0.355967
41.0761,2.234755
139.4267,2.243277
260.0399,1.996284
4182.6510,5.020735
49.1225,-1.981507
170.0813,-1.372414
99.2648,0.056362
432.5045,-2.873829
251.8415,-2.841467
27099.6191,5.463975
1448.7244,2.841892
73.7319,-0.162815
190.4015,-0.150331
1.9219,-1.113756
6.6442,2.578967
43.6364,3.965474
157.6699,1.286009
23.8587,-0.175527
29626.6942,10.997093
36.9797,-2.183432
668.2087,2.079970
107.2339,2.116535
272.5208,7.091029
19.8849,3.257797
68.6149,2.701657
6489.6548,0.504913
730.5281,-0.936227
4.4592,27.408306
1.6559,0.000019
275.7203,0.013005
125.4410,-1.781832
629.3025,1.295127
197.8962,-3.165824
0.2628,-1.199843
1147.1813,-1.145087
237.6722,1.020154
0.0599,1.745647
49.2607,1.746833
2.6892,1.749287
128.0591,4.553330
195.5565,4.568606
67.2304,-1.688389
231.1837,1.043219
538.9197,3.283975
1431.6520,0.189028
15.7986,0.257295
801.2964,1.605228
475.4209,0.022451
705.0615,2.852363
2770.3332,1.591559
260.1794,0.012291
2.9516,0.024739
791.6300,2.991890
6197.5408,9.333217
30.1466,9.627179
2652.4677,7.181850
356.8485,0.690471
1628.7073,4.203212
287.7877,4.293848
31.7187,-10.298897
78.8783,-0.989835
126.6579,-1.293471
3053.6890,-0.960361
233.7747,6.970565
92.7039,6.985973
5249.6380,1.613452
145.2128,-0.590294
5603.5734,-0.318689
73.9175,2.949087
198.1821,2.961952
24.5109,-1.980018
384.1443,-1.960707
53.1068,-1.940050
126.5966,0.005983
47.4153,-2.955410
68.6499,-2.949928
21.6654,36.586776
757.8486,3.761418
349.3671,0.016540
162.6368,0.628443
4.4201,-0.030144
264.9230,-0.386278
145.1978,-0.584324
31.5225,0.782239
0.4477,-0.450645
308.4061,0.572158
137.2195,3.073695
546.5965,-1.535263
3.9516,-2.552843
166.1582,3.274646
30.4747,3.283977
801.0771,3.713166
761.7625,0.933134
305.2311,2.201601
14.6989,2.312818
22.3033,4.302799
395.1214,-2.203182
39.2863,3.524421
4581.3763,-2.712591
51.4900,4.400788
30.9138,-0.225983
31.2285,0.929136
20.0966,1.327023
30.7861,-5.659779
56324.5165,18.347479
10.9848,0.000513
81.2760,5.388038
3.1145,5.391998
11.3053,-3.772420
77.6316,0.100682
197.2603,0.702564
34.5215,-2.138625
13105.5416,7.096285
3.9188,7.717315
204.4099,3.096296
181.3905,4.662726
17717.9379,3.224133
388.3679,0.018395
172.1660,0.044941
26.6443,-1.750654
80.1572,-1.745588
19058.6086,14.162247
8.1260,0.577184
97.5310,6.759412
5.5214,-1.841467
49.0804,3.037509
546.3750,-9.293393
2447.4111,-1.975453
16.7211,-1.858527
18.1109,-2.197614
248.6295,-2.184960
0.7884,3.572876
18292.1879,-1.203154
4116.5506,13.183737
34.9820,5.866825
249.6802,5.880319
26417.9083,-3.099496
79.8719,3.984026
1710.8189,0.507397
137.4637,4.794742
5.9807,-2.956932
7.8705,-4.988682
105.9309,2.718208
158.7553,2.730794
387.1062,2.429542
66.8380,-2.741554
19.6253,-12.404065
19.3657,-0.917310
158.6548,-0.908833
78.9072,-0.270138
79.8948,1.016529
149.4706,2.727001
9.8828,2.734630
7.5508,0.951097
296.1620,3.801738
3.9188,1.217863
5049.0683,0.089219
4981.6018,1.704282
1028.0315,-0.078049
128.5061,-1.758621
1604.0875,0.973634
5515.7570,-0.848525
60.0080,1.939788
78.5554,-1.698407
9.4593,-1.694204
25749.6590,6.112637
2080.7154,0.180501
37.1412,0.281721
3937.3006,-3.217463
677.9900,-1.946475
1031.7862,1.621787
118.1796,-1.037627
21.7831,0.133315
744.5729,3.049340
783.6220,-0.078183
291.5645,-0.140565
2.3839,1.907299
511.0427,1.931695
31.4714,-3.923569
186.0876,1.153794
205.1333,1.172466
80.1813,0.906117
42.6184,4.839773
21784.1520,5.879172
4.7103,-1.273927
41.7057,-0.108867
918.6925,1.768351
15.3347,0.000729
791.1071,1.494819
4157.3610,-2.313436
3.3253,-2.317949
80.4244,1.022453
552.7865,1.281430
7383.2554,-3.167820
200.6334,-0.322616
279.4304,-0.299724
78.9408,-1.224170
0.2221,1.457774
1552.6478,3.411956
3526.7438,7.637391
2164.0361,0.103161
11.9939,0.206879
521.5386,5.201894
8.6010,5.227172
11924.6139,4.171307
408.9173,2.059904
304.2608,1.186287
61.4369,-4.838065
212.3668,2.089257
10.1314,2.099828
5347.6567,0.769046
3103.3670,-0.236122
64.9208,0.412148
332.2603,0.431068
34.2938,0.448524
765.2749,0.036446
1212.7825,0.130650
1635.1475,1.141445
112.9716,1.224682
37.7568,2.315787
287.8521,2.331292
2523.1394,3.564764
42.1175,3.686863
1574.4075,0.074961
80.4879,2.214698
17053.3118,2.381352
129274.4995,14.979408
35.2679,-2.821037
2714.7399,-1.049951
795.5647,1.891897
51.2344,1.932209
34.7733,0.429358
1168.7372,0.486652
9.2749,0.542714
0.5343,7.236756
489.0206,2.658659
279.7882,0.073631
143.0142,1.447371
12.1796,1.454742
535.4797,0.345853
142.2014,3.015053
4702.4446,0.223923
67.5322,-2.261739
109.0841,-2.253323
1409.5033,0.568162
1174.6593,3.704837
2602.7000,4.271761
61.4036,1.049537
16181.8731,9.715904
538.0768,2.675983
174.0643,-1.693882
1074.5384,1.848236
5330.8068,2.061188
1398.9091,6.382286
130.5145,10.681972
99.1865,0.391659
3801.2249,2.751814
1248.7743,-0.694185
1714.4243,3.385658
23.6735,3.890175
3.9565,-1.157310
59.5628,-9.242274
1476.1663,3.770689
36644.4466,11.588059
293.7559,4.577900
11.8523,2.220938
96.1550,0.220172
1467.4827,-7.712431
55.3268,-3.805497
318.6423,3.524320
2552.4820,5.049067
0.8663,-1.135092
431.1658,-1.114670
948.2591,-0.358706
46.7504,-0.311542
48.3399,-0.307041
3304.2484,1.667913
152.0540,1.831623
294.8775,12.702701
1235.2345,-5.016222
20.4895,10.287022
1899.5755,6.371329
523.2217,3.474381
2500.8546,1.994767
20.8877,2.114124
514.9637,1.013183
668.7594,-5.485852
2365.2768,-5.342128
18.8189,-4.524159
35.0662,-4.521607
93.5657,-4.515508
287.7033,2.271821
352.7405,2.302198
356.7923,-1.117360
34.0804,-2.654971
369.7166,0.017534
40.5022,-8.280503
7.9198,-8.278215
43.9722,12.452405
75.3547,-2.828003
78.5295,-2.366362
293.6287,4.892324
31.6841,0.835543
6.2431,0.837350
73.1284,-1.907298
32.0059,-1.902290
135.6492,-0.149932
945.8843,-3.116665
144.3027,10.718353
182.9476,-5.412990
13268.2197,-5.200514
115.2457,2.013137
20.3803,2.502119
11176.0294,7.375563
47.7480,7.908134
5727.4189,8.182182
1259.5329,2.400394
1961.0670,-0.310595
380.9143,0.337544
1.6740,0.028407
70048.4808,3.092771
291.0894,6.420171
40.3481,-4.263927
152.7194,-4.254792
69.5305,-4.244276
39.9395,0.927080
94.9773,-0.446147
0.0248,-0.441239
2699.3381,0.127784
771.1722,0.292078
158.3566,0.460011
0.7913,0.000169
40158.8112,7.474899
3171.7050,2.044137
3596.8355,4.358157
689.2315,-0.316545
898.2053,-0.241498
1612.9346,-5.975618
174.2505,-3.744575
310.5199,-4.713773
719.7808,2.442212
5899.8152,-0.799860
126.9302,0.142252
1187.9246,4.511748
415.2010,-0.467249
1218.9333,-0.389965
3.1679,0.000125
24552.2273,7.700521
31.3214,0.001487
3.4649,0.003035
185.8569,0.894686
11.4406,-0.033688
15.7680,-1.753700
18439.3005,11.544273
15.8174,0.816328
0.2306,2.805687
33.8495,-0.734233
1035.0132,4.899953
195.1760,1.135780
1.9921,0.379651
80.4399,1.763249
1302.9363,6.644817
10249.0806,0.484793
4.9821,-2.573423
65.9343,-2.570168
170.7211,0.570587
346.0412,2.755234
15.2350,2.383614
80.8409,2.388144
8024.6377,3.796016
5.1824,-1.517153
7438.5062,-1.165075
19.6646,0.000930
4172.1419,1.810468
1097784.0986,55.170036
157.3994,-1.245756
0.7956,-3.090442
228.1638,1.549104
4708.4958,0.222538
27.6828,-1.275448
439.2987,0.020760
34.5269,-2.014873
154.4399,-2.005944
59.1990,1.503233
7.6590,1.383470
462.5712,4.130132
2000.8498,0.094511
1422.6684,0.256219
1.0575,0.323590
448.2898,0.344691
404.9436,0.019127
18.8340,-1.245816
235.5453,-0.337272
76.5356,1.648199
32.4290,1.708889
1238.6674,0.349162
91.4389,1.930597
411.4623,1.954330
285.9918,2.153006
1490.6246,13.500015
231.7712,0.753622
112.0774,0.005291
50.8573,0.002395
69.0452,1.178564
214.2629,1.191931
73.0214,1.205483
734.4515,1.243564
747.0591,-1.275139
82.3150,-2.835009
2350.2080,1.212609
1.0828,1.444872
157.9833,2.498751
124.9085,-2.028363
78.1317,1.734265
10914.5824,5.454981
10889.5332,6.483623
33111.0506,7.672185
3986.6475,4.579960
117.2568,4.773526
250.0999,-1.506856
8.1172,-3.244172
3979.3094,-3.056131
2356.8871,0.376865
391.9105,4.558526
1852.7513,-0.165046
39.4537,4.106154
31.9698,2.559505
110.5310,0.654859
3.6233,-1.668072
39.7934,3.299593
307.5061,3.315972
122.3686,1.010159
273.6215,-4.819665
307.1570,-8.536531
372.3689,1.213012
68519.3442,6.683500
1110.2498,-0.287933
193.5016,1.360630
7963.9796,1.746027
11.1901,10.225013
158.5796,-4.497089
396.0315,0.018729
2372.8161,5.526868
175.4097,4.310965
15.7672,-1.658477
0.4404,-1.657304
24.3188,-0.804237
1458.0354,-1.696140
893.6166,-3.871834
101.6697,2.867761
16772.4594,6.825427
8664.3692,1.903763
257.7064,2.326299
13.2893,-0.974956
394.0599,3.011855
362.5670,3.047692
450.7109,-0.351805
8.0485,0.456872
3.2754,-2.318655
507.8971,-2.924530
782.6002,0.037093
243.3886,-3.045259
1231642.3818,69.137592
1451.5890,1.914642
1250.5642,4.196301
650.9761,-0.370515
2586.3946,0.208622
8869.9938,4.211039
430.0560,3.510503
78.9839,-0.452843
1513.6850,1.327344
8.0093,0.717026
160.0008,0.724978
116.7696,0.005504
21.5083,-4.350414
20.3405,-2.081075
80.0567,2.317274
1680.0337,0.636572
655.6453,7.248744
91.6994,0.901400
236.2759,2.504762
1567.3962,1.777252
231.0274,1.495038
188.1062,1.732327
46.6077,0.433083
0.7834,-6.253311
20.3169,-6.252054
14.1931,1.202172
38.8794,2.065224
28.6817,-4.857578
77.8302,0.340785
110.3334,3.001260
17.9533,0.333080
73.1697,2.100607
47.6272,7.365460
2261.6184,5.496100
5.5100,2.166555
14.8024,1.577046
39.4560,2.356013
465.0684,-1.960213
2935.5096,-1.365201
8.3168,2.285615
725.8211,3.149362
3672.7089,5.586509
619.6160,0.236880
3.1920,-1.068111
4.5062,1.061141
259.4960,-0.689794
399.1911,1.186864
381.7667,1.223847
781.9344,-3.157889
64.7271,0.670154
138.2257,3.478838
38775.2648,8.349754
7.7439,1.786958
63.7552,-5.207844
5710.3007,9.670179
38.6860,0.001829
1564.9488,-5.421294
14.6322,1.069628
814.2482,-0.667747
231.5463,7.465593
197.0483,-2.590778
3.9525,-2.581267
11.6876,-1.315427
74.1607,0.408041
2769.4501,3.316829
482.8256,6.575713
294.5860,14.722189
242.4847,14.747682
299.9577,1.440831
1205.0943,-0.845231
1.0747,-8.205992
463.5022,-0.770388
31266.4749,4.480237
3989.2559,1.677458
1.9640,-4.376037
2073.3606,2.452234
739.0048,2.585722
3499.1715,2.208369
805.3878,-0.860019
3.2221,-0.821731
38810.2676,11.111012
362.6802,12.972811
310.3277,1.182019
78.7977,-7.704651
319.7780,-3.128158
1153.8105,7.788960
84.6415,-0.338418
17610.7575,9.597578
1838.1185,10.523043
1.2707,-11.933145
65.9203,-7.793141
427.0773,8.476538
163.7612,1.855794
33395.8467,5.355261
3.0127,6.560724
709.5726,6.594594
149.5196,6.635415
8530.6486,6.121301
2346.8419,-1.881541
4776.5668,-4.251789
23.1143,2.171268
64.3417,0.228086
240.2988,-2.842933
57.2619,15.104126
226.6356,3.145691
0.0840,9.963299
6.2680,6.810861
8115.9868,-1.460473
95.1677,2.112937
15.8699,-7.035392
19.7349,-7.033696
2563.7746,-6.911027
706.6920,1.099292
888.5379,-13.121880
52.2302,-3.236553
2998.3596,6.062382
40187.9956,-10.321464
76.2645,-4.600428
739.7910,0.263705
10176.4041,-0.577276
2604.1700,0.536646
725.5835,5.903319
22.3288,2.693462
1732.6965,0.379120
2524.8586,-3.697087
103.9958,2.428651
0.1556,-6.653185
400.2193,5.964956
157.0517,-3.131174
118.5039,-6.204946
5846.7144,-0.950427
13.6497,-0.317158
51.2115,1.501578
565.3902,0.622279
0.7147,-10.278675
14.0156,0.387000
172.2412,-0.801714
762.1654,-6.950546
5.4503,7.446034
0.1642,-5.712298
136.4867,-3.523127
256.8926,1.347772
40.2558,-1.338983
184.3095,-1.328323
23.4590,-1.957431
55.1290,6.553403
42.1197,-1.842718
11.4511,-6.041663
39.5081,0.001882
1582.2856,7.845873
233.5468,7.932525
22.7158,-5.402083
7.7314,-5.400647
409.5978,3.236555
20748.2701,7.090059
4.3950,8.080615
9724.4631,1.237740
1433.0942,-4.529115
4274.3972,2.583494
287.5643,0.316759
164.5568,-6.666358
41.3036,-1.446689
7284.3217,3.328388
0.6829,0.000733
0.1498,-10.013309
1789.8943,0.960241
19.6242,-1.003582
6277.6583,-9.385891
786.5567,0.896210
286.9208,0.947472
3.9009,-13.473187
24.5784,-13.471854
78.8712,0.003765
947.4647,2.900423
588.0332,-2.261591
1618.5664,-2.156176
513.3005,0.755344
78.9027,-0.667432
15.7635,-0.662889
580.1811,-2.749995
30.6088,-1.568967
76573.7384,13.070702
884.8266,16.781974
75.8193,-17.360645
1497.4418,-17.285301
4364.4783,1.910810
1539.6618,-16.542286
989.2636,4.023714
2365.9847,-3.432297
31.7067,-17.606282
171.4575,0.941587
29.1238,0.951019
1046.7134,-4.197952
158.4643,0.099766
15123.7801,3.809777
621.1427,9.619055
601.9487,3.871584
16524.4826,15.126288
9.9359,9.199884
0.0857,-4.646811
105.9105,13.866811
3636.1234,5.883792
75.6671,0.822474
37.8945,-3.174729
1136.4813,-1.173639
8188.9459,0.931881
146.8669,-2.102096
1.7164,-2.095066
503.3789,5.091126
122.3825,3.876147
938.3771,3.925607
2250.4917,-0.666152
78.5976,4.132774
76.1501,0.038487
199.7393,1.620079
3.2908,-2.214303
241.9239,4.709665
1892.5989,0.088427
51.1192,4.036591
237.9164,-3.009488
10.9443,-2.997884
190.5525,-0.836062
453.7500,-6.686134
3187.4855,-0.303111
2727.2703,-7.633642
532.8376,-5.652233
0.0241,5.001892
23.3615,4.993819
496.2046,2.590821
651.7467,2.359700
360.1516,-8.428699
2125.0752,3.190921
19.5099,3.291154
1175.5552,2.911028
46.1690,-0.963477
1.8297,-0.554047
20.9695,2.644019
1892.7403,5.314438
88.8744,-10.364080
305.2178,4.990642
2532.8957,2.470783
622.0672,0.059775
0.0281,-0.303343
6047.6587,-1.777755
36.8078,-1.493026
148572.0038,5.466215
21.9460,0.835662
10331.0178,2.672850
969397.2005,50.379019
157.0135,1.573034
50.4059,3.667772
414.1791,-9.995942
21875.0462,10.869083
25321.7409,8.789676
108.5930,-0.236548
1251.4624,10.014827
84.5019,1.649451
15439.1415,3.301580
43867.8678,10.132794
498.7910,1.936162
7801.9631,-1.704901
7981.5246,5.865342
99.2833,-12.958598
7747.6282,8.665494
32067.0840,12.127613
20690.4227,3.530955
1575.5696,0.713479
90.0753,1.762777
433.7920,-0.633585
3614.1102,0.254388
340.2658,0.980514
954.4642,-1.948059
105.7431,3.390539
24.7310,5.921430
1.5782,-1.579520
5.3146,-0.031397
40.9929,2.367483
156.3637,5.582925
79.2984,1.303809
432.9349,1.327881
15.1260,1.348915
179.7761,0.854246
0.7952,5.657487
2801.3120,0.131635
317.5218,-0.118055
4733.4778,-0.810018
786.3593,-2.165256
1974.1027,1.575877
299.0249,-1.926412
139.0491,0.420668
4872.4571,1.452908
144.6141,0.214242
1104.8865,1.291101
103.2043,1.347886
23.6372,-1.871821
19.9576,3.745390
6383.6267,-0.649960
711.2574,-2.867490
658.7173,2.967521
39145.7297,0.367969
6.8211,-33.518285
35.4639,-0.096458
16.4942,0.000781
622.0190,-0.685773
393.2632,6.884128
23123.2362,8.829902
213.0716,3.103885
73.7300,0.455321
4.7635,1.358231
492.6011,-1.076434
58.8015,1.076532
436.5287,-1.286668
449.3671,-1.245072
103.0600,1.214526
879.6540,-0.912035
51.6488,0.002427
118.2740,4.185095
870.5407,1.816540
364.8218,3.556610
369.4591,3.591043
26324.3882,8.610716
395.3713,9.862898
462.3484,2.754958
17599.5041,8.977498
8603.3471,-1.624982
158.8694,8.817558
3778410.4711,180.654670
76645.4254,14.651197
2993.4899,18.400523
2971.6145,18.681464
1.8003,-1.060288
662.5024,3.279181
2474.3309,1.837349
155.9934,-1.278517
119.0458,0.005597
11435.2550,1.988937
5.3543,0.354117
344.4535,-0.460237
39.6403,-2.733115
33.7194,2.296982
155.9595,2.377637
10.1116,-9.089924
118.8421,4.132396
558.7576,4.164167
14274.9207,12.325809
527.5501,5.740053
79.0026,5.768450
437.9677,3.703365
61.2131,4.285447
2587.6477,-7.265165
194.7330,11.459014
2375.1717,-2.782567
37.1115,18.113946
1110.1369,0.473582
8432.0824,23.271120
832.6624,-28.430548
74.1237,-2.454835
37.4483,-0.047745
445.2579,-2.424443
76.9931,3.652331
33463.8216,10.220475
58.7101,4.816877
7102.5195,23.582663
32.8944,-16.396628
86.2349,-0.196542
3.9508,9.008996
395.4458,-3.423023
197.3416,-1.120613
8.6841,-2.012893
122.1407,-9.083155
936.8703,-15.995443
236.7302,-15.940731
327.9119,313.370728
178.8947,2.837145
13.0856,2.624239
325.8861,-2.125534
3.9599,-2.109902
1635.4613,-0.634478
87.1121,-2.988071
315.0854,1.447063
320.1827,3.961344
2.7815,3.976550
39.4649,-0.380758
39.8494,3.053067
34.7052,0.001640
39.8883,0.005185
256.0925,-1.628459
473.8870,0.607681
236.4233,3.018142
594.8595,-0.363265
62.6991,2.331228
791.3068,-2.731851
3399.9212,-0.586847
7.8439,3.435589
11615.1580,6.126786
485.4250,6.912604
8.2397,-0.031976
2008.3722,-1.660653
53.0226,4.377239
1756.0755,-6.131208
0.7935,-6.047895
592.0007,-1.612223
2477.5952,4.815882
1029.7924,-3.252231
63.1212,0.333521
314.1487,2.199319
564.6320,-0.507534
62.4637,5.796536
21.3721,-0.237604
1409.7729,0.712363
18222.8599,16.529471
1184.8605,-2.535591
113.0992,-2.474008
13.3344,-2.468002
271.4078,1.530737
773.3002,0.036670
14.6037,1.624925
300.8329,0.714152
76.9844,0.844094
19.7023,4.606915
117.6258,4.613426
1.9924,2.434069
34.8942,0.375137
126.7703,-0.075798
672.6432,3.249744
5005.5854,2.146578
2211.8499,2.489251
1065.7495,1.423120
637.8130,1.377646
81238.0517,12.410684
456.5886,16.286185
618.2068,-5.646859
3022.5855,-0.755711
149.0518,-0.604873
106.7873,0.005079
13.0565,2.393502
40.1117,3.771709
5887.5121,4.096558
929.0613,0.584982
113.7506,1.696096
7.4987,-3.881455
787.5342,5.611835
1339.3152,8.623801
5640.9220,0.412236
657.2325,-0.719885
3578.3927,0.170522
156.3744,0.958921
101.1373,3.265344
38.6191,3.014456
431.4922,6.862128
402.0638,0.019153
344.8411,0.016427
2503.9582,-0.731075
21.2145,-0.817612
265.4886,1.399006
41337.8713,10.606774
7.1582,-1.769362
228.1447,-1.758144
6.7854,3.181145
138854.5349,15.810648
11.8588,0.295589
4629.3210,8.777202
31.9272,2.032642
38.2440,-12.045770
0.0184,5.247269
22.4752,-6.070261
206.6020,4.059868
0.0374,4.115792
2700.8281,-1.304044
473.1690,-0.112853
102.2233,-0.085560
36.3946,2.161625
117.5067,0.161470
8.7530,-0.475405
406.1889,3.586465
541.2869,3.631442
31036.9512,8.857548
395.2170,0.302461
107.2890,0.326297
26.3889,1.632209
2018.5430,6.055576
1578.0808,-1.966633
417.6298,-1.571603
920.8249,1.358921
26067.5712,2.641108
40644.2921,0.990611
571.6515,2.949045
1020.8552,2.114274
171.7873,0.098903
175.8785,1.722379
382.0877,-0.371642
1.9342,1.683604
396.3367,-1.661984
8.1686,2.045107
17.5556,5.687774
2862.7239,-0.342854
0.8154,0.361604
48.2125,0.981005
23.7065,4.676277
44.2092,4.679519
2.3885,4.681646
1008.2685,0.305063
71.4842,0.261416
278.1551,2.842085
2324.7247,3.382940
1744.1911,2.946261
0.0897,3.027030
238.9259,-0.088454
908.5720,-1.234879
99.9060,5.346075
3250.5507,0.113402
163.2388,0.327825
4657.0244,-0.437349
3.3444,1.234884
157.6662,-0.806677
247.1671,-0.787430
3.7669,-0.775497
318.3189,0.680088
342.2520,0.711494
4290.2619,-2.004080
11.4028,-3.874357
227.0774,0.188020
1.2064,-6.503063
15394.7509,5.022873
5290.4419,1.162808
189.8242,-5.689184
1144.8054,1.328099
194.4745,-2.941207
1.3887,-2.931979
2914.7825,-4.229056
121.5467,-8.797503
317.1767,-8.776631
52.5947,6.960992
78.9224,-2.608995
7.8738,3.720432
162.6819,3.728577
418.7416,-0.867717
16.1107,0.199604
1577.6909,-2.039755
36.6498,-1.962552
2.6374,-8.544113
72.2288,7.798472
3958.9109,1.211172
580.8251,5.217460
14.5383,0.430861
7.9050,0.431934
78.9398,3.009227
158.7751,0.838757
23.9723,6.569985
789.5160,-2.310534
9.8596,-2.272349
427.7840,-2.695400
1074.4753,1.021964
5351.2625,9.189057
1162.4388,9.500547
3680.9452,-12.621537
10.7677,9.986298
297.0223,0.186485
40.0789,-7.423888
23.6834,0.683050
0.1839,-13.986143
32.3555,-13.985123
10625.7691,7.292161
9.2808,-0.368788
0.5333,0.694598
0.2165,-0.480634
289.3647,2.094222
0.9568,4.751172
83.6086,0.307772
54.2959,0.314370
185.7941,0.325845
250.7656,6.827483
2515.6179,-10.492452
43.5753,-7.248213
940.6760,10.066969
3561.5926,-6.607401
5.3298,2.320630
127.7739,-8.553730
48.6477,-8.545280
1.9253,-0.984030
1.5499,0.920654
161.4067,2.981722
7.7976,2.989908
13.1170,-2.863417
35.3848,-2.861077
118.4411,-2.853684
11.7770,0.078685
474.2142,7.540402
459.0719,4.092022
56.0008,-3.238241
80.6245,3.435073
41.4518,-0.804228
0.0716,0.811150
515.9265,8.059671
39.8155,-4.168356
80.4707,1.615298
11146.8652,3.159341
53.6195,3.698084
43.0406,-7.279572
11.6028,-2.430429
878.1065,-2.387623
623.3893,-11.956981
795.8641,-5.468119
786.3198,-5.391951
21.6889,0.001039
2461.2496,-6.555732
49.2275,-6.434839
4503.7117,7.400927
16267.6112,10.698100
78.3979,0.157055
6473.7619,-3.496345
2.2099,-5.175057
2.6890,-6.167632
790.2528,4.243436
1725.2903,4.671843
54.7992,4.757733
15.7570,-1.206243
28.9803,1.690631
7.2720,6.225008
811.7615,-1.772157
38.1217,1.671644
393.6105,4.821755
16.0959,0.380626
166.1198,-9.333344
4922.1132,-9.088198
2566.7055,140.013366
626.1040,3.100706
360.7483,-4.179783
2.3559,0.701408
49.3888,0.703802
395.4899,4.707788
71740.3386,6.148860
23.7938,1.599307
95.0140,-6.030654
296.8888,8.825133
13.6366,6.249205
1187.4253,5.988401
3853.9199,3.460252
60.7913,-0.852698
79.2579,-18.165216
40.2323,-0.791614
2.5918,-0.610390
761.2851,-0.574171
1574.1407,-1.049311
3.4301,2.135056
14.8488,1.714091
954.6059,1.326092
11.8695,-3.539632
6604.5119,6.382492
11390.6731,5.372182
6918.2012,4.521131
1097.9056,1.043338
646.0909,3.082398
473.2723,3.135528
87.2093,-7.114385
0.7845,-0.672499
17.0213,3.082846
24.4385,-2.693851
450.6526,-1.470193
34.3949,0.001632
160.2563,1.923971
850.5212,1.524960
397.0943,3.212148
12.6979,-5.978711
28.2416,0.001336
784.9518,-0.125675
99.1828,0.004713
333.1062,-3.858833
15.7590,0.161419
8.3415,-1.598440
7.8160,-1.597639
908.8408,5.143229
861.2915,5.227381
759.0690,-35.465216
42.9856,0.737642
4402870.1621,216.802971
22.1985,0.001060
919.8794,-0.691085
162.8931,0.007764
57.2824,-3.546223
114.9218,-3.538014
0.6319,0.000137
201.7545,0.009680
128.7865,-0.268752
0.0360,0.932478
78.2893,2.361819
183.3418,2.374299
28.6463,2.025215
22270.6554,9.033462
257.3920,0.012272
2.2566,-0.405681
1225.8980,1.395340
88.3220,1.919962
793.3353,1.962007
774.3672,-1.565727
3.1657,-1.528587
4775.8537,0.227785
16.0228,2.070187
89.5610,2.075229
342.9502,1.554821
1.5813,3.273913
62.6634,-3.150848
7.9002,1.698982
394.3720,5.756735
5703.4522,0.450627
2881.8242,5.076091
4.0001,-1.313079
79.0515,0.003766
31.3663,-0.594765
36.4157,0.001735
3064.1435,0.146071
676.0255,0.324372
354.7662,0.793655
47.3859,-0.240891
107.8834,1.861966
19.4994,-0.174727
474.4092,-0.151180
11.7905,-1.832680
121554.3532,4.556022
106.6591,0.005085
570.4379,-3.301060
80.0182,1.996263
395.4615,3.816564
20732.7647,7.411864
78.0317,6.249535
68.2768,0.003257
45.3042,2.435553
7792.5719,2.809626
409.9787,2.570229
0.7845,-2.825184
395.8618,-2.806261
51.3969,-2.784903
14.5020,0.000713
133.5317,2.105877
4363.1241,-2.801334
2630.3233,-2.061516
135.5727,-1.929526
396.1325,8.206415
447.8871,6.232611
81122.6912,3.495944
7931.8025,1.944325
465.9540,-4.901952
78.7943,0.337077
79.0261,-0.159335
13268.5790,-0.377870
234.7801,1.464574
126.6250,-1.205338
78.9812,-1.217813
25.9215,4.235311
240.7933,4.248005
108.9324,2.765925
347.6419,6.406261
1.0336,0.746046
28451.7112,2.102069
10.5151,3.458727
16.3949,-1.074958
2020.7615,-0.977834
467.9805,-1.190154
94.2465,-0.208198
1.9258,14.853609
4.7547,0.315397
1502.8590,0.387173
53.5043,0.570763
694.3868,-0.236575
7029.7364,0.122779
29.9294,7.302281
78.9938,7.307465
786.7486,1.819512
40176.7679,5.456746
236.9286,7.384400
196.4632,7.405076
16.9175,7.415251
27.6282,4.760553
2111.2446,-2.812511
9160.5197,-0.833586
401.5369,3.145646
8265.4060,9.586773
5532877.7403,266.865175
1086.5586,-9.932650
54.5964,0.867235
64746.7563,1.374250
131.4137,4.470849
2.7030,6.635893
12.9562,3.520650
6663.4647,13.697359
65.0921,-5.476959
332.2720,1.089075
193.4284,-26.710097
331.7535,13.831057
105.7802,2.031779
23.5780,-2.385135
1.8971,-3.397596
3.1555,-3.397494
690.9200,10.286986
0.0335,4.611391
11.1910,1.010318
1575.5982,1.086109
1115.8149,4.649923
8.3342,4.703619
4.9888,1.530134
0.4435,1.194313
1827.9354,-0.958667
3.8730,-3.433844
196.0746,4.279388
6174.4301,13.834730
63.5750,0.736926
996.0404,0.298644
366.2374,-5.389433
25.4712,-3.470888
40.3345,2.032759
156.7540,3.434475
628.2315,-2.963429
97.1560,-1.996583
755.4397,-1.955971
2179.1099,-0.535821
3602.0305,-1.314642
423.0645,0.020161
67.8296,0.043557
1.3582,5.842128
215.2054,5.852507
49.7121,-5.536751
1816.7954,0.086594
0.2157,4.472938
173.0228,-0.726513
85493.2024,11.771041
20.5380,8.385072
544.7996,4.348861
15.0469,-0.680033
713.1104,0.034011
264.1664,3.589663
39.5626,-0.854266
9.3852,-5.316065
45423.2570,2.164485
5057.0693,3.410898
21.0436,0.773953
3073479.3248,152.877328
0.3232,2.909854
63.6922,2.912033
182.9637,2.540376
756.0857,2.585147
22.4904,-2.950427
645.2950,0.030795
6.1837,0.061855
209.1645,0.072161
22.2099,0.510659
297.5417,0.844901
1767.4643,3.153814
16.6947,3.238930
8668.8370,1.293098
0.5216,-0.963497
0.4590,-0.000185
38712.4547,4.702274
3760.3149,2.637068
59463.7715,10.030627
32.3638,0.306362
1.5399,0.000015
1.8557,0.000159
172.4968,-1.090018
67.1332,-1.078586
7.0994,1.295469
172.6507,1.304049
93.5553,1.703807
6.2885,0.000315
206.5245,-0.552708
1310.7896,-0.480257
2155.2484,4.678322
56195.0184,7.467411
3854.2243,-0.193260
58.0292,6.692415
957.2291,-0.839220
2664.2936,2.405645
669.0918,3.504600
37302.8640,16.537270
62896.5486,5.780175
106184.1840,11.730571
101.4021,-3.641344
782.3789,-0.641074
11266.4084,3.960403
16.5979,4.491944
9.9318,4.493186
25341.5345,2.409066
2620.8932,1.219542
79.0444,-6.226844
2.6994,0.382547
16.2347,-3.543700
798.1932,-0.913009
269.6015,-0.862693
5.5441,2.992204
32558.3786,4.529044
1934.2278,-0.794604
501.9626,-0.749568
1185.3471,-1.051774
2.8819,-0.918133
1575.0030,-0.213513
381.1988,-1.905527
475.4658,2.694054
208.6130,1.019973
792.6125,1.067252
420.9186,6.443079
886.4726,-6.147002
1193.5114,5.841655
3.4788,-1.236849
106.5055,-2.334611
3.9210,-2.329388
1427.9884,3.430876
5.6968,3.498649
374.3674,-0.485655
8698.8885,2.242040
159.1983,-4.337845
94.6354,-4.325865
4.7425,-4.321102
1.5850,4.325942
3944.1790,7.493313
119.8154,-0.191664
0.3313,1.234615
63.6049,-0.236280
158.2170,-0.225783
35.6425,-4.312378
28288.0745,-2.972448
17669.5305,8.593905
567.1796,2.728263
3956.0967,-0.035092
12456.7204,3.198885
19.7634,-2.523452
61.3240,1.435459
411.4280,-0.231933
176.8627,3.465115
799.6732,0.037880
10.0214,4.348664
2384.9253,0.113060
34380.6236,1.856283
4.6889,-0.978529
2096.0048,-1.368140
1156.1720,1.250658
3.1998,1.305652
15.6469,2.007956
638.7314,2.038934
733.3528,1.013655
2030.4311,0.263713
807.4986,0.782304
69.1959,0.823875
4191.4585,1.424034
5107.7144,3.488850
327.4090,-2.364985
23.7131,3.607167
25.0733,0.892355
603.9910,-1.058182
106.0207,0.432872
14.9876,0.438621
7223.4279,5.895623
6279.5846,-0.887990
16.5078,0.000784
790.7192,0.039108
3.9361,0.914221
4.3338,0.538901
3.9155,0.952855
55.8677,3.087692
940.0583,0.045203
1929.8464,0.181351
117.8965,2.022726
0.0144,4.357906
1582.2194,-2.818674
16.1406,4.045570
18142.2396,2.019513
0.1488,2.878667
127.4926,-1.980979
36.5794,0.848564
2.7266,2.006722
382.4036,0.964372
804.7318,-2.200351
58.1829,-2.159432
714.4603,-0.188544
83.3842,5.961212
440.8460,-0.438738
76.6749,-0.414213
227.1124,4.959745
2995.6195,-9.076455
113.1577,3.276229
329.2023,-3.131746
2.2809,-3.116011
79.2627,0.321788
79.2119,5.150187
5597.9163,1.145694
194.1769,35.566644
53.0828,-5.975781
158.3426,1.783375
557.5450,-0.150583
30.9493,4.504258
31.7153,0.132394
39.5673,0.135776
86.7582,0.130969
204.6829,-3.498996
302.4539,1.807267
461.2109,1.046728
0.6638,1.068476
579.5103,1.453248
122.3157,-1.132736
1757.6420,-0.217525
176.0780,-0.126019
461.4370,-0.928504
43.6226,-0.904604
159.4817,-0.894993
394.5891,1.239951
194.8372,0.009224
152.2705,0.025660
2.1681,-1.832571
236.8291,0.011216
40.9523,-1.889900
8.9682,0.000418
7525.4697,8.289466
1400.5129,8.712638
5367.9281,2.486539
23.2524,2.741629
78.1089,0.476237
1749.8838,8.619733
0.2624,2.894080
5273.4462,4.587790
513.5449,1.359238
510.3719,1.536696
740.7612,1.595841
2.3761,1.630956
18.3755,3.256415
2806.8131,7.991196
314.0777,2.910029
7802.6948,8.833011
213.0865,-0.390615
18410.3289,2.146336
808.1666,-0.231970
1331.1374,-0.130807
692.0687,0.032704
144704.5982,15.414197
79.0654,-2.539670
1211.4394,1.416658
4.6416,2.911103
19792.8033,10.931810
3299.6646,-1.739453
8.7592,1.868387
7.6685,1.869154
299.7504,1.883720
1130.0848,-1.836675
98.2710,2.761254
15.8138,1.684664
1374.2089,2.044015
2148.8693,-3.352897
158.9470,0.007525
42.9163,0.002031
3781.4963,9.384441
4031.7823,0.190969
186.9294,1.249712
201029.6719,12.860178
185.1827,22.412250
105.0520,0.553174
450.6722,0.579492
663.5597,1.768294
805.9118,0.038153
1874.5713,-0.623504
3.9177,-0.534632
71.5317,-5.091286
1496.5029,-0.899999
22140.6892,12.015376
52.7693,0.882949
8813.1573,3.282788
946.0146,1.366849
584.9397,-3.319936
306.6293,3.013153
27319.5339,6.181464
189.4684,-1.919068
39.2227,3.934914
13469.0817,8.591390
17.7880,-2.237854
2390.9827,-2.867818
465.2477,1.883103
2368.0978,1.076283
1666.3627,1.267128
946.8956,3.788375
235.7780,0.011161
519.1357,0.046892
181.3316,0.080048
47.7615,7.820612
130952.5554,14.653019
154.3664,1.374710
474.3895,2.254385
12147.9629,-2.816200
11.6793,-0.444820
922.2082,3.099757
51.9402,10.254612
495.9140,-12.329625
69.8575,3.296016
13025.4446,6.000618
607.9236,1.770427
6282.0821,-1.832427
79.9794,-10.660848
9.6467,-10.656585
307.8181,8.951118
1067.6527,5.585551
43.7624,15.163702
987.7364,15.212420
1127.3789,-2.055956
78.2722,-1.766411
2029.1195,-1.666734
234.3237,-1.559676
349.2237,-3.390688
282.2967,-3.360749
71.1849,1.860755
0.1677,-3.163405
1648.6344,6.348996
4.8047,-1.694077
3.9059,0.449801
12.7880,-0.733329
1800.3314,-1.524254
23.3732,2.100297
23.8660,14.530432
473.4659,2.552580
3.6406,1.227567
387.4410,8.028551
11.3984,8.047430
346.5832,-6.508899
0.9226,-1.885038
721.9951,0.375839
1939.4701,2.101116
472.1009,-6.849655
71.2322,-6.823987
892.5638,-6.778469
30.2009,3.336707
13.3515,10.060961
2914.1184,4.729184
325.6564,-6.290394
303.0939,-14.549426
237.1428,3.215102
1348.6845,-1.148595
62.5084,211.498542
2.2661,2.137845
797.5750,-0.321570
11.7616,9.980199
33.8430,9.982317
51.2505,9.986261
173.9072,4.021218
11.8381,3.026929
3961.6183,-0.564245
187.7659,5.060205
4992.1519,-8.394372
1456.3506,2.583820
2375.6958,-2.367155
78.1995,-4.891881
25.1341,-4.887105
236.9798,-0.034196
158.8540,2.857935
657.7849,5.459295
216.9591,5.499802
2812.8868,2.204680
610.4709,2.832721
37.1101,-9.048698
176.6892,1.991151
79.9692,0.688184
80.6722,5.820283
2478.3628,2.841702
1210.2882,-2.635047
1.7551,-5.435465
2163.2281,2.641509
31.4603,-0.805012
9.1658,-2.052975
573.0285,3.698229
29113.9695,9.286824
552.7670,10.661390
68.9635,0.756839
3.9368,0.760192
3798.6655,-1.456609
317.3483,4.065896
19.7809,4.081539
2.6984,-3.503545
62.8657,6.249200
158.6889,-5.562254
17799.4227,-0.058984
78.7085,0.768444
773.2314,4.805249
3.9303,4.841162
18.3961,-0.756046
823.0514,-0.717090
164.3197,3.990425
863.2011,4.037965
1.3423,4.078019
195.9482,0.009076
742.7702,0.451200
5141.5632,2.555660
118.6632,5.534553
84.4576,3.917289
4505.4905,6.505499
574.7620,-1.369309
86.1875,7.363366
187.4440,-0.966502
3.9366,-0.548010
86.9607,0.004016
2041.6418,4.727097
6.9483,1.896581
131.9796,3.861069
13386.8824,4.484960
172.6977,3.449592
79.3533,-1.882383
93.5398,-1.874397
10.7867,0.177414
1008.9241,-3.088753
395.4717,5.602578
2.3097,1.350537
158.2506,3.147000
3.9608,-1.398458
15.6795,-1.397595
1482.6610,1.988819
3643.7920,0.168421
273.3036,3.839054
1819.4832,3.935909
555.2186,-5.455802
3.0084,-0.622396
786.3034,-0.205216
8.7541,-5.756214
5.3824,0.000259
78.8951,0.004140
1397.7435,-0.809703
38.1407,-4.507080
8.4684,1.584746
102852.5606,6.385866
88.2616,-1.385858
1165.6775,-4.425949
235.2714,0.010867
3.5285,1.902775
498.3908,0.430800
404.6498,-2.932982
197.6136,-0.586923
4.2098,-1.471931
295.7121,0.013645
134.6818,1.031337
6289.5087,4.260747
14646.8298,3.645536
390.1738,0.360351
78.5192,0.070607
200.5817,0.083495
19.1014,4.394758
105.3716,0.831233
19.2269,0.836994
2532.6868,1.592866
7148.0437,4.802933
13.1956,1.544809
348.0943,3.609955
19.7422,-0.680042
36.3844,-4.309143
57.9689,2.032010
5559.3724,2.999777
35149.9677,1.164689
3890.0503,1.553263
5162.4211,-1.181453
17.1725,0.216755
221.8055,1.809035
276.3411,3.082187
402.3990,0.487296
295.9188,-4.089163
537.7301,6.118284
906.8765,4.873789
206.5301,-1.457763
2561.6684,4.201976
7.0399,2.885373
30525.1238,1.403586
615.6275,2.835274
7.8126,4.146075
8000.4082,-1.377869
30.3224,0.336661
1298.8187,7.272686
3399.3497,7.157307
83.5938,3.397436
524.3501,-0.194494
1.9100,-0.170305
32242.0617,11.842858
79.2710,13.330889
656.8473,-7.832904
74.6264,-4.525594
11.9127,0.975253
46.4695,0.977924
113.5990,0.985274
196.2111,-6.340120
86.3496,-6.327141
0.0796,1.726016
1926.7529,-4.537149
23162.4979,17.320476
2935.8278,-1.368983
430.7982,3.887868
153930.3732,16.764465
620.6165,3.275244
3356.3808,0.765583
15.7827,1.959563
10363.3343,-0.941444
64.5558,-22.942134
29.8445,-1.416845
732.6452,2.954734
0.3318,-2.197280
69.8803,-0.515008
6.3717,-0.749163
96.8630,-0.744453
78.9900,-6.721812
7.8496,2.328534
7197.0065,2.600254
2401.1404,0.225428
597.7774,-1.716319
422.7301,-1.669558
4803.6635,-3.130735
2574.2847,1.509398
1430.7278,1.972437
53.0090,2.040444
1.7141,-3.990247
1503.8141,-3.921225
67.3571,3.167494
0.2332,0.000449
6725.3676,1.768612
281.9241,5.180001
2533.2632,1.200227
365.8456,1.303338
963.6234,1.364352
6.8555,-0.710258
189.2556,1.619866
10561.1023,2.113315
441.7817,1.468820
72.6811,3.061094
40.1724,0.485804
17566.2631,-2.665847
39.2331,2.508244
161.5228,0.529474
19.7312,-8.780654
105.4787,-0.573526
14369.4609,3.268483
75.1595,0.586836
316.6807,0.051242
3811.3330,-2.728499
19.8543,0.324803
9923.4536,-0.978320
503.5907,3.482804
526.8604,-0.636958
13.9077,1.442269
15.6706,1.443621
55.3914,-1.589622
442.6724,1.568506
117.7327,1.594255
187.3638,1.608272
78.8724,1.446937
4.7543,2.503816
762.1254,3.345562
183.4037,3.388954
2692.4834,-2.210927
6699.5354,0.550831
35.5809,0.859395
0.3850,0.861054
4715.0964,-0.830105
395.7307,1.847386
23.6332,1.866616
382.2075,0.455123
711.0995,-1.400942
1.5849,-1.368471
4975.4044,-1.838829
0.9561,2.588967
12.4962,2.589565
195.4372,-1.078991
8.0608,4.159063
491.8047,-3.514912
15.7416,-3.491606
441.1997,-2.999201
53.0887,4.665496
943.4911,-0.112747
4.4458,1.673822
21.9897,-4.302941
119.8616,4.474279
1781.5846,1.943735
61.6300,2.028540
11.5416,-5.796562
700.4189,-0.233328
215.3530,-1.316774
5.5664,4.198940
568.3815,-1.253320
813.6226,-1.175700
50.2901,10.645613
20006.7056,1.585686
19.6098,-0.127437
476.1162,-1.013090
157.5343,2.978486
5682.4114,-1.067249
0.3294,-1.528823
396.3674,1.409938
396.3169,1.550815
152.4057,1.576063
1402.4201,17.239724
4.4568,17.304619
0.5497,9.518645
8566.4197,6.919712
37.0266,7.315126
382.2057,-2.392931
737.2141,-3.328011
16.9290,10.195844
8.3922,3.212516
40.1052,-5.229426
15.9557,-5.493130
37584.9378,-3.767410
2.5403,2.318762
185.9616,0.309085
2350.9707,-3.153301
1493.4708,-2.976696
417.3567,6.106036
79.2298,2.677868
123.3342,-2.567741
26.8911,0.001238
5.8022,2.027056
483.3639,7.785015
505.6086,0.090169
22.4977,0.114473
2.3630,-1.793002
9.3963,1.757477
8.1688,-5.861120
3.9369,3.730841
124.1632,-3.071967
404.1936,3.961123
84.8816,0.444816
295.4499,0.708055
106.1472,-1.155229
7803.8463,-3.701835
2.6956,-9.100512
69.5278,-9.097199
42.6359,-6.723303
2528.4106,5.212380
185.7409,5.731523
8.0860,0.498847
8.5803,0.499625
16.3328,0.500759
151.4994,3.095743
350.5751,1.607425
47.8069,1.155091
96.8982,-0.230980
19.4823,-0.225668
1146.2517,2.275028
68.3957,1.101211
9040.8683,2.788433
5.9346,3.201750
5169.3575,13.683053
41.5161,2.003527
434.6085,2.344978
335.5461,6.445570
260.9422,4.839754
28.3972,4.852991
89.2684,1.230874
370.4250,2.736182
738.5107,2.786947
1057.0642,-0.207311
4383.7440,5.366732
2008.4167,0.677485
819.7223,0.037456
84.5489,2.406654
235.8651,2.421302
79.1727,3.083560
13.8728,-2.842929
1081.7508,-4.194257
12.4201,1.518719
6.2449,0.121527
626.7901,-2.658152
116.3826,-4.395808
4011575.1396,191.775010
817.4717,2.269742
2896.5978,2.439419
5.9403,11.336952
509.6705,0.316632
162.8357,5.977611
84.1741,5.988912
204.5424,-0.053227
47.8067,-6.136935
30.3880,6.369886
7.8753,-2.485390
2375.5492,3.766670
4.3702,-2.498013
18.4374,-2.473741
51.8749,0.002377
1664.1709,4.239616
364.0224,-1.505852
2482.8672,-1.463677
0.6881,3.530988
2422.1212,5.565852
792.1142,5.059806
81.7880,5.099761
1638.8996,-0.441316
200.3829,-0.357238
2089.4972,-1.346009
24.1788,-1.249365
1515.0720,1.061736
0.0818,1.130894
16839.9579,-1.267765
3.9375,0.382367
0.5559,0.382136
1499.0443,1.364037
343.4412,-1.402951
373.1090,-1.370169
2.4080,0.298608
39.2561,0.040717
0.7884,3.034419
10615.9212,4.778428
7.8891,-4.045641
391.4322,1.213089
67.5359,1.367222
10656.3999,1.504552
118.4076,6.223573
53.5002,-1.776083
7.8475,-1.773255
12.6977,-2.157320
3.1563,-2.156658
677.9888,-1.767248
1888.6417,-4.723530
7167.4507,7.567390
24739.9049,6.345865
21528.5339,5.502903
821.7210,-2.027481
11.8115,0.000527
19892.8283,11.859848
28.1871,-0.960018
55.7511,-8.227819
66.4345,-8.222223
7932.7358,-0.530464
116.8580,-1.266769
39.7721,6.688911
5.8048,6.691032
2396.1347,3.707023
1.9492,-6.408607
77.5790,-10.348495
0.0852,-1.973804
127.9698,-1.361286
777.4513,-1.319785
36.7440,-16.439096
13.4035,0.911367
336.0634,-4.867024
157237.4692,6.095302
6467.6943,-1.708680
1682.2149,1.786707
3.5753,4.308432
23.2059,3.787099
11940.0046,-7.069847
2908.7802,5.849299
9.8626,-1.855452
1030.0779,-1.807686
107.3286,17.229196
489.9480,0.849298
1199.9700,2.664058
419.0370,4.167223
208.0759,2.000559
353.2610,2.489759
679.5352,-6.843480
2.3353,-3.976155
4.0028,-3.975821
15.6188,-6.540420
276.0247,1.012189
20675.2294,2.114665
644.4464,-7.369909
118929.5243,13.754924
7.9248,-17.803436
115.0905,2.887710
679.1524,2.132970
10.0380,-1.123123
16.6185,2.678180
605.9158,33.071629
1.5720,4.950010
27278.0018,6.306928
385.6247,5.701555
70.9263,2.932784
3.9738,1.898465
17.0415,-2.031142
302.2114,-12.257079
1733.0379,12.821668
304.7391,0.123487
4.0423,-9.408110
125.7072,4.302074
202.1793,5.848429
12097.5559,3.088918
70.7303,-0.506718
237.9217,-9.927588
89.0769,1.619683
3.9721,1.623989
3509.8124,-15.019174
9966.9107,-3.713669
221.0749,3.551138
3927.3657,-0.818923
192.4549,1.508958
367.2386,-1.205461
64.4449,-8.992257
658.8206,-1.299444
210.2248,-1.126393
76.2573,5.855097
1160.9810,1.056258
152459.1337,10.790511
468.0086,-0.960889
31.3352,2.580752
5269.8329,11.523300
44.4968,1.696682
19009.4532,4.040391
221.7906,4.929295
5056.6980,4.134266
324.8851,0.989325
231.2854,-0.109817
26.0421,2.349775
3938.1427,-0.670280
25337.4372,3.883013
462.1339,5.075402
10430.5708,6.851727
1052.6609,-2.315643
448.2894,3.729649
3691.7209,6.406263
82.9047,-4.371680
7.4772,-0.049099
219.1439,-0.038627
9.5267,0.043615
6372.2957,3.826614
31360.6379,1.448029
36.7121,3.257180
2.7907,1.969058
72.0037,-0.829189
1.6352,0.000210
15.6988,0.000870
11.1457,0.002133
11500.4004,0.533761
5.2805,0.000234
66449.5090,1.871307
0.3016,4.942370
173.3732,4.950255
9732.6781,7.658663
72503.2909,4.806293
5566.7158,8.417454
1118.6125,4.066827
4630.0673,5.405216
440.7372,2.882753
804.8491,0.851182
119.6668,0.893904
8.2366,0.899818
124.0916,0.905927
10959.1015,2.372680
1187.3166,0.498820
779.0009,-1.246019
9741.9456,0.449888
0.5805,-1.428210
55.4497,0.002559
47.9689,-0.141806
140.9293,-0.417609
80.1179,-0.407390
11.8017,-0.403134
281.5702,-0.389571
580.4766,1.288459
4616.4687,0.760294
270.6855,1.255886
395.5854,4.698759
25587.9234,10.704713
21.1423,0.443990
396.1283,-1.909735
396.8483,-2.256077
5000.3703,2.384360
375.2458,-0.027643
236.7020,0.010922
1268.0853,4.092047
1793.8166,4.233273
61.9038,-0.131982
475.3865,4.282966
49027.4497,5.190726
16671.4678,0.036901
855.3218,1.161299
368.2055,-0.553179
1627.1041,-0.300572
7.7579,1.562364
179.0402,3.711848
843.2807,1.054031
1814.6011,1.176911
739.2677,1.563092
2331.6811,-0.598145
375.3823,0.173042
47.0472,-2.835522
2827.5146,3.392516
2063.4114,3.618764
18978.2219,4.592230
252.4726,0.011681
842.2474,0.062330
503.5851,0.619386
2024.8626,0.472260
843.8408,-0.453912
1399.2963,-0.825622
8.5411,1.100864
2349.8880,2.834607
69833.3504,5.471088
1333.6571,2.909602
235.6857,1.976274
24.7974,0.001149
360.4554,0.018963
1124.3741,-2.796050
358.2928,1.693779
25049.6520,8.392328
1708.6521,-2.696972
86.6841,1.834687
0.0956,-1.911044
3304.7004,-1.866775
10.0285,0.697248
14.2865,1.660279
647.9434,1.690970
2079.4356,0.891441
1106.9455,2.907305
97.4423,2.963159
30.3923,2.969089
432.9709,6.010818
1025.6610,9.841458
78.4526,-0.879975
3.3727,-0.876188
78.3520,-0.872405
94.9587,0.004396
607.8813,2.649277
131.1731,2.683494
119.4154,2.695098
651.1208,1.101573
19.0132,-0.814078
18985.7682,0.066053
12752.6553,1.378291
854.7605,2.130985
315.1378,0.014603
7472.8576,4.268078
6.0162,-1.390598
52.8137,0.139179
572.1213,-0.313889
18193.8862,0.843795
19309.0080,7.077147
1.1154,-0.000028
648.1512,-1.531576
4758.4035,1.262447
9550.4227,2.069794
23918.2410,7.483710
7.9102,1.085396
580.6714,0.205245
1130.5687,-0.751442
558.4156,-2.556443
531.8250,4.190356
54.5805,4.217983
3.9179,3.918267
170.3897,3.926418
1488.6466,-1.856403
1633.1981,2.754039
60.1235,-0.601012
76.7260,-7.635236
20468.5032,-6.666799
139.4403,-1.428003
629.6088,0.029644
158.4158,0.066747
141.1491,6.651638
114.0685,6.663636
1766.3604,-0.517371
81.2097,2.361701
1.1923,2.365590
8.0973,0.276534
5.4716,0.277184
14.2986,7.444984
54421.0830,5.810110
330.6784,-2.877006
771.4764,0.036283
1.7936,0.072650
9.3806,2.426027
1174.0866,0.055227
93.3863,-0.426779
1683.6608,4.009790
4.1769,1.786202
6045.9558,6.501314
290.9388,-2.047262
15.1861,-1.578924
1711.6123,0.080473
126.7498,-0.109609
139.3829,1.187230
614.7364,0.882557
295.7661,1.112143
520.1830,0.013343
79.2027,0.003722
79.0398,0.011159
68.2703,0.003209
0.6666,1.708650
4.5449,1.709163
4171.6962,1.905417
22896.2707,5.728501
30.1706,3.125336
65.1183,3.129827
10.5907,-0.526498
711.0982,-0.625198
420.1639,-0.812258
13.4944,-1.494620
163.5547,0.007692
880.9044,-1.968033
297.5567,2.282464
25.1164,2.297648
1.5804,8.694356
1.0448,8.694537
1289.4374,-0.007557
5953.0764,4.893943
34.8420,0.108075
64865.7372,6.949357
113.4916,2.202948
70838.2886,5.538465
238.4100,0.011218
571.0806,0.049309
45.5522,-0.596105
1.0976,1.210904
458.3542,-0.493477
43.5918,0.978059
69.1736,-0.107036
47.3869,-1.389327
0.7911,-1.469361
62.5199,2.258171
0.9302,2.260890
604.5772,-1.389750
75.0072,-1.235119
0.1238,3.800140
290.2800,3.813303
20.1655,-4.860198
2009.7186,-4.764602
117111.8651,5.979475
9481.2776,2.640932
3972.3242,-3.043249
45.8734,-0.986082
118.1233,-0.878768
242.4413,-0.861780
161.4447,1.139604
29.3438,1.148587
21513.7918,8.186746
328.6228,0.015478
220.5821,0.808346
31.9620,6.386437
494.5573,-1.484709
96.1224,-1.456864
802.5010,-0.026768
3907.8690,0.195345
9132.8589,-0.339056
40.5278,0.916472
826.4864,0.957378
7263.7409,-0.242984
3360.4810,4.073309
172.2054,5.777966
1826.9359,5.872158
6172.6181,3.084497
33909.5321,8.222473
792.4360,0.037373
4490.5298,0.217316
1541.8408,-2.188588
1481.2209,4.778639
119.0794,4.854159
90.3490,-0.837009
20.0334,-0.831820
40.2321,2.263186
3867.4726,2.447528
45.9816,2.632151
3.0220,-1.290690
15.4752,-0.159209
197.0132,0.622725
79.6794,5.001231
338.9201,3.148383
610.6068,0.533190
41.6160,3.915459
5429.6345,3.047335
104.0390,-0.302479
15.7740,0.144686
4638.1954,1.082324
1.2155,1.301175
1438.4057,-3.570880
3.6669,-1.727648
1712.5135,-0.003361
60.0267,1.557910
61.7880,-0.744567
656.7185,-0.710568
118.5658,-6.133369
3.0867,-4.279059
7205.9937,19.032818
42.4832,19.376761
21.3901,0.001012
114.3751,0.687578
215.0349,0.969245
14.4525,0.000676
1975.4727,0.094922
1.2238,-0.104264
310.3347,0.014697
11105.4707,0.526135
338.7648,4.658133
118857.8741,10.510436
23.6445,3.594784
2929.7279,3.576789
152.2050,2.851552
21.7348,2.859788
3.1615,2.860908
56.0651,-1.158635
1989.9787,1.236267
3181.9950,-1.500841
8628.4716,-0.941867
115.5516,1.834007
1955.3378,1.292976
1338.9871,-0.158398
6335.8216,2.285711
303.6562,0.201624
320474.4750,25.922191
53.8627,1.999050
60.8468,2.004494
131.8897,2.013616
3.1650,2.019970
167.3905,-0.534407
5825.0093,4.544903
10636.5972,10.511563
1.1814,11.015665
569.9247,-1.552261
1839.1757,3.713277
78.6369,1.890130
89.1210,2.897805
79.0934,2.905776
16814.6491,11.679498
575.9819,12.501634
136.1806,2.528763
39.1384,-0.979840
0.0172,-2.981610
0.6929,-4.477131
23004.8458,6.491883
4146.3339,2.232782
619.2390,3.915579
349.4324,-0.561916
1.8881,-3.767053
0.7931,-3.767214
88.1178,0.004178
245.3618,0.020003
184.0389,-2.667666
12.7940,-2.658321
204.3791,2.452947
641.6299,3.731068
17965.7405,1.841670
3298.1354,0.574061
0.5237,-1.981729
24.4012,0.001179
0.7163,-1.215164
43.1491,-2.142871
39.9629,-0.759445
486.0098,-4.041321
5.1069,-2.406469
592.7208,-2.378033
0.1955,-0.964516
13122.2561,2.597328
1589.1781,3.297813
445.5335,3.394703
75.1161,-0.311211
10.9513,1.093355
13711.8624,0.705522
1396.4682,1.526786
27.6599,2.864250
176.2578,2.573699
92.0526,2.586516
0.3939,1.986972
44.8578,3.768106
316.7790,-20.674426
708.9149,-0.197949
70.4466,-0.160674
359.4898,3.935388
804.1306,3.991065
516.9669,1.531433
267.5534,-3.193216
217.0598,-0.756102
1163.4964,0.055685
96.9407,-1.076653
147.7014,-0.268528
870.9461,-2.575097
33.0716,-2.801909
5.8604,-2.800055
60.3117,-3.694080
925.1854,0.044258
18.0953,0.089378
153.6213,1.459489
78.4685,-11.489508
19927.7201,8.635538
473.9443,-2.633238
0.0411,5.709701
23.8583,0.644055
8796.7760,4.571230
18708.0542,0.903903
7900.8071,2.766013
79.3709,-0.487018
11790.2870,-1.095864
2.6725,2.814254
363.0951,1.128177
947.9893,1.191050
10592.2453,6.456124
56.9031,4.316189
12363.8152,3.414823
146.5309,4.920496
1146.5982,4.982481
56.2530,9.805383
11.3750,1.764049
4.7643,1.764828
9.7140,1.765502
116.0694,-2.219955
146.5125,12.124194
7.8955,-6.503051
218.9009,-6.492204
3968.2560,4.528555
19.9391,3.114040
480.1019,6.568037
3.9067,6.591164
114.0542,2.604078
131.8024,-5.276599
9.8906,-4.490247
285.5057,-4.219844
1113.8966,2.581991
2366.4290,2.747426
7.9068,-7.672778
102247.1774,-2.809969
3.8568,7.358979
190.6244,1.332803
223.9158,2.193975
327.5009,2.220220
2532.1340,3.565814
1669.2377,-14.491400
69.6063,-1.126908
4261.3397,11.563814
914.3029,11.809083
1552.9609,-0.815967
37.2767,-0.693643
8.5386,0.511972
74.2062,-4.826360
381.9947,-0.017966
5300.2948,6.261795
721.8545,-4.928104
2055.5532,2.582625
406.8376,-3.672629
1.5124,1.899009
31.9464,-2.236552
7.8573,-2.234635
10.2147,-0.493689
127.8605,-0.487139
2.2339,0.000093
197.4887,-0.983548
353.0330,3.245826
75932.6672,4.817633
35.4427,0.516140
368.8810,5.648176
20.2825,5.666645
2367.5209,-5.801958
24528.6056,9.014785
1083.2294,1.528284
301.6569,9.352921
2755.4086,-2.038446
0.0383,-4.894208
4.8422,-5.245163
55.1007,-4.089804
1568.6339,-1.730530
2562.4806,-9.446976
11.8378,-3.113818
0.0668,-4.763533
34790.8936,10.209146
1.9815,2.984037
288.0825,8.453816
7.3694,0.782834
6224.1509,8.456421
27.1921,-0.207538
7.9246,-0.205869
656.9416,1.180013
388.6092,-2.989877
59.8346,2.538835
39.4583,-2.913452
143.6460,2.676572
14.5290,-4.378560
1027.3895,-5.814085
398.4459,1.187421
3639.6150,-0.493525
318.0664,0.014998
6.3361,-1.084526
3675.2988,-3.103179
210.1168,-4.411163
348.6916,-5.004576
46.8071,-1.459548
1325.1865,-0.388893
552.9383,1.105714
158.0719,2.289692
277.6810,-4.916063
393.8608,-2.622536
68444.6675,7.651145
211.5196,2.083286
9.2167,7.520005
1.5863,-1.856807
397.6632,-3.971979
841.3686,-1.612870
78.9711,-1.569638
1364.0368,-2.641115
2350.2087,3.225960
31.1818,-2.747939
7.8157,2.271535
778.5428,2.308517
4.7366,2.345289
6393.0986,3.814798
535.3920,3.071876
77.6914,-1.056224
9.5954,0.000438
3.1687,-2.544916
19.9463,8.993156
218.9872,3.790905
1646.3182,1.864626
157.0962,2.730935
356.2669,3.114717
7260.7639,-2.558904
14.7785,2.251799
18735.9276,-0.242341
74.3791,3.074801
119.0669,1.329392
12376.6843,3.295982
778.8852,6.474441
789.6200,6.448258
634.8971,3.890609
716.1587,3.954218
8491.5991,0.453250
36.9708,1.280495
240.7414,2.491756
794.2527,8.054477
273.2401,39.314538
3655.3118,0.587958
4.3127,2.983494
7.9293,1.540195
129.6895,-108.066259
59.3221,-0.829239
272.8192,-0.813744
28.2836,-2.152974
1546.6299,-2.079491
97.2981,-0.183218
38.3682,0.277793
53.7847,-3.996210
74.9575,1.921158
392.8378,3.354607
2209.2430,0.819310
90.2135,0.926710
78.0734,-2.196598
301.2447,-4.202061
7931.2227,-18.586715
101.2506,-0.598606
37.6887,9.239602
11.0642,-1.971949
182.5641,-4.971496
1243.3762,-3.865836
1365.7612,3.809114
103.5955,15.503121
71.7613,-11.319732
1447.0522,0.146723
4767.7370,9.194587
0.0182,9.417474
931.6207,-1.456298
35.8866,-1.411231
2954.5468,-1.271930
95.8700,4.557619
25.9904,-0.794061
54.2060,-1.412750
120.6684,2.132015
0.5771,2.137624
38.6560,-2.945223
2703.0752,2.465410
90.5772,2.597970
143.3342,2.609068
84.0959,-0.701254
118.8538,-0.048654
1631.8736,-8.654887
141.4602,2.627315
3295.3598,4.195916
3.1652,-0.034671
17248.1478,-1.214791
111.9614,-5.473928
64.6922,12.007190
18.6492,1.218456
640.5901,1.249714
2503.5697,-2.196543
165.4553,-1.118040
196.6304,-20.319292
390.0169,-20.291531
687.7872,3.827843
3.9402,29.800038
5.0870,4.663247
5309.6650,3.989484
106.2341,5.981110
75.5791,5.989753
83.6222,8.109966
774.3881,0.359105
1102.5679,5.174344
33.3060,2.310174
208.1944,6.976861
28.6058,-0.437188
438.9378,-0.415060
356.8385,-0.377386
714.6127,18.611999
159.0568,-1.304211
2100.3858,-1.195363
196.1241,0.511206
1076.7806,7.480037
379.2423,7.471158
437.2402,7.510494
237.3096,-2.064512
0.1954,-8.459866
5437.2676,4.821373
181.1829,3.388913
213.0397,8.107129
319.8575,-12.419471
20.0192,-3.234592
80.6488,-0.414524
226.0819,-8.198897
143.3061,5.957614
1184.2394,1.805839
2.4814,-2.541800
1055.0527,4.053866
23.3962,4.105902
39.6768,0.027490
53.1024,-5.032654
7.8665,-2.376440
263.2596,-10.674366
4182.2889,-2.119414
373.0313,-2.468847
5.5316,-1.040580
4426.3742,9.300045
133.0185,3.527597
32.7234,0.774814
0.8550,4.399957
48.2816,8.409460
9873.9595,-0.164411
117.4568,0.317543
4.5208,8.895632
2389.0791,-4.197733
35792.8157,6.121061
771.0189,7.863728
176.5799,-4.152471
11464.2465,16.407686
2931.4916,-2.528227
1716.8669,-2.121042
39.4195,11.744007
38.7012,0.908457
648.2339,-1.807663
73670.8206,7.329966
0.9466,-0.936511
68.8450,-0.933040
7.7183,0.694465
0.9269,0.694654
15.8310,2.794721
4360.2947,11.722600
304.2052,3.647924
41.5797,2.731159
11214.5096,7.766485
318.1257,8.325404
974.0184,3.510888
336.9446,-6.259472
143.7799,3.205797
561.3634,5.294446
396.3771,2.198281
10.8112,2.152730
557.5451,-10.832287
9131.0642,-7.868006
34.6710,-7.422483
19.6210,7.064245
849.4712,10.009601
38.9927,-7.658744
261.1483,1.602763
793.6463,-9.387165
501.9544,-9.324173
290.7443,3.008373
30.5743,9.283691
70.6296,-5.928583
998.7850,-2.213855
3420.4805,2.092389
1.2566,0.596159
789.9759,0.634768
20703.6188,7.995737
175.8561,-0.713428
275.4806,-0.691524
116.2289,12.363816
7.1711,0.705815
327.1121,-5.198859
1608.8630,4.539926
776.3860,-2.294222
22.1721,1.502003
533.7645,-7.533524
2405.2363,-0.183944
8.6291,-3.485129
32.0714,-9.831994
18.9841,4.255975
96.3594,-7.712702
656.2613,3.294125
577.0032,-5.653280
156.7805,0.807832
40.2375,4.321770
89.5194,1.466321
24106.3957,1.771933
16.5730,2.950658
28.2025,-7.316687
53.9519,0.968871
43.4998,6.680197
150.0470,3.848290
6.6193,0.000312
147404.6308,17.204844
585.7916,-0.898967
90.1242,-4.608718
421.4161,2.362968
11.8029,-2.931565
311.3656,-4.123108
50.4082,5.477904
66.7986,-3.562498
315.0921,2.043786
117.4364,1.830964
1082.9863,1.888970
18728.2031,16.791924
180.7180,16.316289
12.2012,-4.204599
236.4658,-0.597972
120.2822,-0.580737
485.2660,-0.551482
1295.0188,-4.341946
55.3447,-2.858912
25.5195,-9.297408
59.3187,-4.421167
2130.3956,5.141955
4224.3484,5.448622
256.3469,8.398809
76.1140,8.414817
10799.8838,1.496961
514.6904,-5.231147
28343.6378,11.516666
196.0114,-5.929177
3838.0377,1.302353
3.6416,3.003555
855.1335,-2.577327
228.2670,0.090280
139.4165,4.155799
236.8040,4.173878
1590.3562,0.539847
37.5252,-9.666547
1390.4233,0.167890
396.3333,0.253845
24.4571,-2.722083
314.9568,5.580698
3467.4776,5.762967
377.3703,5.248687
324.9563,0.097496
71.4933,0.116578
760.6003,0.156645
28709.7306,0.978873
22038.0271,3.597766
3369.7674,0.652096
13189.1103,1.451182
1632.8966,3.612156
5.4403,3.691197
225.7604,4.622993
71.2066,4.637314
10.5889,4.641265
65367.8652,12.851445
3.8839,0.035692
1.5737,6.512711
22.0168,-2.742588
1331.9711,2.887461
79.4727,-2.478093
302.2161,-0.427056
3693.2407,8.051868
159.5127,8.238123
1233.0621,-1.163437
716.7626,-3.663084
4.7627,-30.522695
755.2340,-9.930356
395.0769,3.176049
9771.3230,2.368160
115.2793,-3.140857
51.6573,8.897790
16551.7687,-0.419734
4780.4209,0.610575
7.2214,0.000341
3.3689,7.662483
509.8686,-5.574895
25.9171,1.304891
2403.3334,1.422575
92.9973,-2.350271
1232.1933,-1.666655
1086.6480,-3.054408
6720.8489,-2.675693
1285.4312,-6.549037
330.1948,25.047721
84.7853,-1.348484
1606.4992,1.000062
217.5847,-0.467348
12.8627,-2.751999
1.0741,2.257533
1.7674,9.579629
12724.6774,2.539953
2060.4699,-6.022003
9.2850,4.690548
588.4351,4.719661
1.0984,5.135439
1183.4468,6.622726
52.0756,11.600866
13.8543,-3.731562
8811.9017,-9.494653
227.0950,-4.762246
4666.9751,-5.863687
383.3334,3.903170
96.7562,-0.660826
2.4673,0.531290
284.5113,9.220476
2.3817,9.234443
336.0009,9.251054
980.4447,6.213838
32.1032,-1.023645
394.2952,3.941263
28152.5325,2.545890
20455.7665,2.234441
0.7913,8.171428
65.1022,8.174658
0.1524,9.553323
412.0945,9.572272
14.3921,1.273214
4.9624,2.698017
12947.2654,9.347319
94.1575,5.113669
158.7812,-0.636895
42.0205,5.162012
1997.0058,3.683130
176.7280,3.789195
319.8647,-0.928275
24.3693,-0.338631
2452.4938,-5.874223
121.7870,1.197355
0.9438,1.203270
77.6136,1.207164
3041.7915,1.359135
23.6488,-4.224582
0.1505,-0.008864
37.7862,-4.681272
816.7924,-5.685371
78.3010,-4.030711
0.4438,-4.026755
7.8847,-1.921486
2694.9457,0.131612
54.2384,1.985719
1503.2906,4.171616
89.9109,-6.848872
55.4668,-6.841774
26453.8910,-2.108366
2673.5137,3.145787
150.2300,2.149506
73.6913,2.160448
292.6686,0.386541
730.0215,-2.282264
32.5885,1.620059
384.6360,-0.987525
217.0192,-0.958109
605.7408,-0.917885
316.5509,2.025371
1640.0639,-1.710610
36.3175,2.797583
15555.5722,-2.970119
161.8623,-2.149129
3383.8298,-1.976000
15.0387,-3.654564
544.8094,2.429858
4376.5307,3.137082
71.2082,2.750001
1135.3845,-2.321286
1239.3910,2.829453
79.2903,-0.196736
510.8862,-0.167937
369.7388,1.360858
408.1449,0.546649
350.0181,-0.997902
222.8635,0.010863
149.5165,0.029012
130.5110,0.108538
45.2061,1.496988
157.8041,3.956828
71.6633,5.688926
13.4460,1.689313
64.8152,-0.107256
43396.0358,12.127153
1237.4695,-20.700960
70.7714,-20.637042
16.8103,1.046991
24.2039,4.147694
20869.4249,4.792352
45.8452,2.505590
54.0644,0.637316
23066.6941,12.220068
1.6414,-0.250212
1599.0168,-2.109561
334.3714,1.775085
3.8118,2.357242
25.6528,-5.515526
14184.2500,0.569003
779.6784,6.457915
18.4838,-2.748971
574.3584,0.635684
70.8536,1.277644
3536.6448,3.134925
274.2459,3.320797
716.7918,-0.748580
4135.9075,-3.235128
23.5507,-3.032471
14700.7551,5.154615
156.7246,3.372445
16.1454,-2.177125
10784.0878,8.462228
791.7695,-0.483774
809.0189,0.232582
3.1385,0.272048
6986.2181,3.343795
2104.8194,0.292924
552.9825,0.124468
54.9924,0.154046
123.3572,-0.138183
39.5287,0.033263
25.8209,-0.309743
1052.2055,2.494460
31.7691,3.218283
221.8575,-1.504629
1288.2685,-1.427318
9.6244,0.000494
94.2834,-0.609903
75.2307,3.054815
8046.2416,0.399508
91.9939,0.004477
17521.2800,0.376057
115.6844,1.233975
27.3496,1.240933
934.0986,0.045438
18.7822,0.783656
53.1339,3.742741
6423.3734,8.458064
79.5862,0.413114
469.8166,1.180214
7.1550,-1.138088
0.3018,1.873111
27.8734,-1.085017
2.1355,0.317870
36.9199,0.577714
28.9634,0.580917
261.9771,0.555567
17081.1126,10.193678
174.7864,3.908053
3.9617,0.821549
9.0932,-1.959365
229.8824,-1.050781
13.3537,-1.038967
1860.3324,0.240431
66.6903,-4.043143
12.1668,1.353471
304.6158,-2.668882
2936.0668,1.594158
197.4489,0.009606
1553.7138,0.346217
26.0049,-2.492395
967.2296,-0.881131
4005.9548,1.226191
3.9591,2.729947
367.7815,2.748019
66.1604,0.003226
4486.9995,1.855363
23.2795,-0.161926
3.9747,3.664857
3310.0109,3.826534
1986.6420,8.924034
162.2909,-0.912320
24.6471,3.330060
98.4507,-2.411359
41729.4346,9.613354
128.1788,0.006252
116.0202,-2.000368
40.1773,1.742662
10.1944,5.180097
5826.9425,11.744538
102.1543,-6.354604
4571.3795,1.278322
4640.3787,-0.758266
11.7203,-2.803060
116.3131,0.332231
478.2169,-2.724777
18773.6561,1.114169
634.7458,3.102274
11.0267,-11.607265
237.2987,5.287512
159.2174,2.485535
3316.9581,3.113390
1843.1665,6.618401
135.9566,-0.681514
323.1039,-0.659137
2049.2055,0.820725
769.2949,-2.037423
72.3827,-1.996389
14.6840,0.054346
118.3594,1.892582
28.1457,0.129660
5530.5517,0.400945
86.0820,4.091682
900.4297,-1.598821
96.2035,0.210034
11.9667,1.959451
0.9965,1.959915
19.1684,1.474761
2154.1074,8.878508
969.5439,1.381094
3427.9271,0.241106
57.9373,0.174777
4.7233,-0.075306
971.1683,-2.465026
550.9022,5.130666
30389.0317,-2.649443
2455.7202,0.152967
142.1848,-0.710975
31375.4138,9.966978
12234.0463,1.507047
1.2422,2.103648
15112.3230,-1.661275
542.7356,-0.105413
1918.9096,2.545690
7.2921,2.639673
2.8259,2.640214
395.6728,0.019302
690.4434,0.072289
774.9028,1.081311
14.0220,0.000673
985.6603,0.977143
4.0538,0.184822
23.8554,0.001169
2772.8875,0.135126
16.2563,-1.912838
9850.0471,-0.892807
312.5417,-0.397694
1175.7844,1.425564
84.6671,1.486960
5672.6499,4.782173
8039.6016,9.964529
19.9327,1.720492
174.5508,0.112964
29.5215,-0.633652
5249.6834,1.831460
9.0855,2.087862
5194.2607,1.809789
45.1445,2.170825
111547.8322,13.542762
211.2607,-1.043130
24.9507,1.492983
82.1691,1.498209
385.7452,1.544377
889.8642,1.606585
140.2865,1.426886
245.5664,1.657059
3582.5880,1.843789
5.5546,4.347709
4090.4067,5.396274
21698.1360,1.098599
395.0070,2.175633
89.1526,-3.028186
33.2824,2.618641
88.2245,-2.647905
120278.5737,4.990514
1184.8777,10.916020
3.5640,-1.000396
954.1904,0.582853
85.5214,0.545769
5776.8723,0.831683
78.2368,1.117248
1050.6423,1.828640
2390.9975,-1.497409
3.9470,0.291210
169.8839,2.692051
128.1101,1.466203
4019.7041,1.661581
2387.1507,3.505821
3033.5540,3.242614
1782.8965,3.469714
139.5175,-0.036169
6.7550,-0.180069
470.0614,2.501452
2053.0034,0.278629
140.2437,0.006625
509.7181,-1.173072
7.1858,-2.504337
43.0638,3.618708
127.1304,0.006011
20.4053,-4.137338
1126.5562,0.336786
11753.7702,3.404243
120.8684,2.636317
55.2445,1.433272
87.9715,-9.046874
1265.1525,-8.982822
187.2556,1.973460
44.7950,-7.672499
1370.7200,0.848463
157.0559,0.254496
4440.6708,0.472018
236.2974,-4.888900
0.1542,-2.960367
23486.7561,9.199534
3879.1016,0.567658
140.2304,-6.850585
4674948.7766,235.566536
285.9772,-6.185573
16.9136,1.956424
3.9424,3.397950
17518.8294,13.116904
73.9653,1.515991
109.1740,2.904406
0.6976,2.302287
7468.1049,7.143010
91.0593,6.763191
878.9625,3.672739
472.1475,3.736532
1600.8372,3.862896
1620.2212,-3.918016
23.4226,-0.598964
87.5851,-4.637085
386.4936,-0.405110
323.4781,-2.451026
193.6699,10.980790
51.5462,0.002438
16891.3258,2.729575
1266.1460,3.054751
81.6078,-7.522042
37.7518,-2.668980
470.8575,-1.848115
1479.8209,-3.209781
18.2028,3.539195
9.5321,3.540520
801.2162,-6.529228
267.0106,2.501112
6683.0133,1.417114
254.4968,1.703757
1483.3663,8.360128
1273.5271,4.252907
21397.0965,7.598443
3.1916,0.000055
292.8344,5.540832
2.3542,5.554620
78.5992,-5.758464
86.5126,3.103360
3025.1680,-10.462583
20.6653,-10.318904
636.7213,0.023504
324.9246,0.068838
1681.6093,0.163429
60.0414,-1.694520
51770.9537,15.662085
20.1195,18.105955
90.3220,1.771898
463.3631,1.037288
705.5245,-1.974437
836.6065,-0.304712
6309.0668,-0.162835
86.2329,2.448705
316.4197,2.608023
819.1420,1.801961
225.5064,-5.156291
23079.3308,0.731104
1582.9105,1.893933
99.0961,3.536755
24741.2437,7.034709
413.0108,8.221784
765.1495,-0.017092
42.4486,3.635280
388.2314,2.121727
7.9272,2.424073
2291.6165,5.115776
1834.6283,0.953745
20.7702,0.573994
300.2002,1.294562
2344.8496,-0.333686
26.4096,-0.422553
195.1049,-0.412105
21.9602,-0.401856
13.2442,6.562808
436.8196,-0.881294
0.3359,6.904123
320.5222,10.844286
93.9105,-4.836036
14.5938,0.406777
11.3189,2.456895
21.9455,2.458460
17577.5307,0.778627
0.3201,-8.929669
1155.1789,12.789426
528.9401,1.139274
4302.9733,1.366456
1318.9150,1.630774
316.0702,1.868983
79.0100,6.150837
0.2313,2.855670
1.9712,0.583690
965.9423,0.629211
9.3155,-0.113876
3.2291,4.012867
3.2894,-0.658942
167.5262,1.867503
4099.0709,2.067908
540.8012,2.285851
11644.9159,2.225670
2.2735,-2.191848
67.7666,-4.803773
6.4518,-4.800296
3.5133,-3.092082
12.3483,-3.091404
9935.3609,8.992190
298.6141,-7.110526
383.7636,-0.023176
79.6603,-14.403252
86.6850,5.700085
46.2694,-4.665953
219.0632,6.709554
4416.0131,-6.145873
41.7236,4.344888
1151.1380,3.803974
78.3146,-0.744785
158.1380,5.212388
3595.3080,11.182735
2394.4110,-4.724513
9582.0986,1.741343
27.1697,3.798086
616.0652,3.828031
4864.2482,3.284606
37.2337,-2.552638
91.3570,5.883454
885.2140,5.928941
1630.6419,2.119979
262.6056,-2.317594
2244.9808,-5.268075
77.2293,3.684431
155.3724,-2.384192
733.1310,1.817602
292.7977,0.704767
42838.7009,13.045046
9.0952,15.032663
396.5712,-4.323471
1012.1517,1.776030
11.4136,0.346070
2.3698,3.351769
154.0802,-2.112718
408.5918,1.365297
26.1429,-1.923714
22.6194,-1.055119
1.5877,-1.053865
393.0724,-2.892862
2071.3623,-2.500671
2776.8633,0.413914
47.4747,0.002218
0.3545,-0.388914
50.6134,-0.387187
16365.7068,7.016204
1636.8338,3.542977
11954.8458,2.425047
2117.9630,3.654222
420.4985,3.435060
120267.3766,15.401335
318.6213,1.410474
30.3717,-2.355740
4.7227,-1.933554
4.0633,0.093580
132.4111,0.099887
593.9078,-2.399587
315.7029,9.436045
31.6182,-6.810550
645.8638,3.016759
20.9757,4.338113
2956.4399,-0.091677
1254.1928,0.058401
8993.0182,0.535576
746.0039,6.466286
77.6989,-3.907385
0.0160,-0.420888
0.1370,-1.504031
184.8803,0.008616
151.8875,-2.310117
12494.9512,1.889440
112.4453,2.477280
8308.3581,-3.099972
60.9712,0.501393
327.3045,2.113155
916.2254,4.336434
1061.3470,3.206751
547.9514,2.129301
3.3689,0.317552
69.9811,1.616199
579.1972,1.234574
32.2608,-2.211726
220.6180,0.217912
16372.7252,0.991683
1.9176,6.740191
2120.3980,1.873414
24.3692,1.973301
2842.3124,1.442466
5016.4289,1.808823
5.2295,2.816910
38.8924,2.818943
485.9285,3.096115
31.4645,-0.978236
121.9212,1.984739
196.7328,-3.117757
113.3934,0.172664
54.0960,-1.831741
13.4635,0.000629
51.1046,7.058435
37.5311,-3.174241
5.6159,0.724371
78.9215,2.285726
2.3736,2.289631
707.7058,1.560502
32.4919,-5.883522
11121.2089,-0.124694
168.3531,-0.693559
3.2645,-0.685607
82.9027,1.817279
718.0636,-2.396980
229.4220,-2.352894
482.8352,2.795333
99.5651,-4.726426
444.0543,-11.096161
390.2429,-4.918517
1052.5091,-0.032233
3082999.3412,150.635817
7303.9605,3.259120
2871.8467,2.471958
1349.7304,2.949174
9.7579,9.383846
249.5318,9.395966
14.9693,5.746101
67.2618,0.457334
31.5683,3.973062
40.7557,3.976441
24797.5979,2.614166
510.8580,66.915846
2277.8151,-4.395740
627.6657,1.286350
2.3737,4.796104
298.7419,0.368195
19.5015,4.873229
1588.9861,0.723349
404.2467,0.347480
226.8338,0.702808
8208.1232,4.444702
241.3644,-2.150644
1850.9578,-1.517410
18484.6835,-2.574131
1621.3314,0.075408
327.5031,-0.044587
35.9756,0.001671
879.2846,-1.552085
862.0537,-1.110408
2108.2252,-0.972237
606.0164,-2.912677
1162.7023,-1.090629
25.9992,0.001209
7623.5396,3.580809
992.7991,0.046191
4754.0325,0.313562
4815.6887,5.626689
4002.6247,2.695812
194.8669,2.891040
163.3108,0.545275
476.5370,0.022161
234.7316,0.055236
59.8130,-1.484340
15511.7569,4.384565
468.1645,-0.345435
459.1002,0.021358
2885.6778,2.859390
330.9848,1.461508
58.3077,1.479621
200.9836,1.491680
884.1157,3.166903
6146.1486,4.110837
50.7168,-0.644316
1477.1141,-0.573280
446.1620,-1.425243
48.3812,0.002249
77.4363,0.465150
27.7578,0.001282
1523.8163,-1.895124
353.7620,1.226647
26759.2174,9.863997
149.7856,1.786113
12357.3657,2.367247
2235690.2807,111.043082
1834.7787,3.905523
413.7934,0.019245
953.2164,1.275575
9969.4695,1.783708
3.8352,-0.797576
53.5903,0.002494
7.9033,0.389233
1423.8150,0.213499
144.3925,0.006722
2136.2473,0.605551
18.4360,4.508469
16.4154,1.352173
423.7070,1.372659
308.7621,0.119579
24.4475,4.084830
6065.0482,2.672440
118.2586,2.960137
23.8091,2.157751
158.0302,0.453455
954.7918,0.505235
236.8190,0.080153
277.6802,-1.601543
35.6103,-3.294968
735.8743,-0.992050
40265.9412,5.882010
9.4449,4.640339
892.5117,7.505712
914.9311,0.802845
260.3980,-1.468457
15.8062,7.340319
58.4615,0.002721
724.7367,0.598910
471.3592,0.654610
7.9583,2.225310
14.8239,3.388953
71.5677,3.392994
3.9813,-0.790914
42.8379,1.045072
26.8616,5.218781
32.7917,-0.032334
21.9712,-1.870225
394.2947,-1.915487
140484.8749,18.425030
222.5486,1.582108
11.3537,3.021189
79.9052,0.558738
1172.4824,1.153730
79.0700,1.212036
529.2986,-33.136516
153.9474,0.007159
88.7792,1.189776
1781.1687,0.316870
6987.5795,0.384364
15.3301,-18.977118
50.5733,-5.086939
156.8418,4.246467
6446.0561,0.300345
795.0315,-6.550983
119.5721,3.622009
2291.1184,4.820790
249.5712,-1.193807
63.4641,0.409940
1430.7066,5.139872
154.4695,2.317910
107.4861,3.179459
12566.0630,2.550746
11698.6888,0.253959
624.4139,-6.767068
4.3980,1.419156
23.8357,3.575466
4567.3640,6.560802
14882.7855,3.072275
614.3610,3.793166
6566.2868,2.693764
0.9814,-8.845506
176.9440,0.787960
818.1529,0.834239
8.1602,1.076227
489.7160,1.031961
9646.1416,-2.752819
57.3481,-0.512784
7898.9497,-0.143093
211.6558,1.386943
185.8740,-5.621002
784.0017,-5.575934
151.5822,3.185327
98.7303,1.916263
160.9616,-2.174929
6.8374,2.145848
8.0051,2.146567
2231.8517,0.103582
38.3412,4.134964
796.5806,-1.654939
21.2619,1.338469
50186.0287,13.501134
66.0744,15.829228
59.4168,3.375582
1525.7723,6.728620
2174.9304,0.773558
78.4032,1.330154
3859.8498,3.152335
141.8112,2.073093
249.0559,0.011555
555.0376,-1.573901
54.1913,-1.545630
3.9496,-1.542957
105.4403,1.159270
443.7526,1.184742
1500.9740,-0.076384
50.3259,2.342558
21.9189,2.189837
1645.4418,5.729660
77.9305,5.598588
0.1825,-0.999300
4176.5986,3.140769
48.0596,12.332346
7.7975,-11.870933
199.5826,2.926894
418.3392,32.011539
92.7575,32.035160
673.2103,3.101653
0.0527,-1.836521
2344.4212,-1.806942
2.4922,3.583046
7.7441,2.010152
1306.3650,0.552276
5297.3585,0.246362
467.6011,-7.822514
31.6349,-15.142031
17.0674,2.060014
192.6955,-6.213011
226.0210,3.945431
15.1192,3.649288
7.9062,3.650361
141.0404,7.695512
23255.2236,-0.866990
318.7702,-3.888638
113.8798,3.048991
63.0663,0.538664
42.2411,3.436722
0.9396,13.167421
18.4120,4.411793
386.1227,-2.516438
765.5578,-2.461763
38.9279,-2.423578
219.4581,-4.822702
82.4900,2.593866
56342.3920,7.140804
286.7219,1.519896
6.6362,1.533782
156.5018,-0.539423
507.4090,2.937502
863.0511,3.002638
79.1708,4.246120
968.7094,3.703305
20.1143,1.646202
323.8137,-4.470906
7.8509,4.809632
16.7776,2.877581
36.6472,-1.743319
0.1269,2.952130
1731.1542,3.035424
379.9138,-3.237629
55.2704,0.663148
783.4366,-3.810662
0.8139,-2.425269
310.8467,5.269260
396.1394,0.323008
64.7802,-1.238185
480.3794,-1.212262
189.8828,4.853289
1580.4783,0.081466
1155.9467,-7.538206
35.4811,-0.740325
26.6169,0.896408
228.7309,3.906231
10694.2955,3.376234
186.4890,0.935961
520.4569,1.811452
15.9467,-0.718136
39.5417,-1.187632
1154.5638,0.054860
662.9413,0.031511
158.0435,0.011864
2.5078,5.484189
157.3725,-2.018843
0.0395,-2.673808
125.5155,-2.668616
184.5594,-2.653887
94.3535,1.669516
141.6796,0.842194
192.8968,-1.000705
15.5777,2.844133
88.0283,1.871205
4174.3291,2.166314
158233.9939,8.972966
199.9242,2.393342
1511.1165,-6.651679
51.0015,-4.950832
992.9217,-0.794430
3477.9945,6.700148
16698.8787,7.659495
245.4659,-0.843986
66.3673,-0.513412
1406.7681,3.427900
36452.6986,16.269826
1578.1758,18.079733
158.2124,3.118592
1704.4459,6.598197
27.6624,1.129105
2862.9768,-1.075345
22.7433,-0.650805
17.8325,2.342256
9.4072,4.671655
11633.4991,6.951796
415.8204,0.870382
1585.2541,0.965352
3125.9777,-0.054051
137.2055,-2.500494
363.7759,-5.970405
19.8698,7.827161
116.6116,-0.389620
187.5290,-0.590944
1.5620,-1.564117
603.0690,-1.306007
758.2005,-0.847447
1582.6371,-0.736562
235.6102,0.995232
38.9894,-1.897969
802.7876,-0.470179
24.5382,0.001157
1176.4058,1.171381
346.4530,3.872637
70610.5154,4.300196
164.9761,7.657149
380.2067,0.018023
253.1623,7.801451
158.2126,0.007502
2094.0425,0.114321
2193.2565,-1.900562
38.0423,-1.794763
43.3991,-1.790892
7830.3861,0.959535
19.1535,3.058656
79.0985,-1.264057
3.8950,0.402898
5628.7970,0.949409
1463.8926,1.677183
226.6052,0.958784
157.7721,0.977024
43.8055,0.986594
36.5745,2.460545
0.7981,2.462410
7.8484,1.557386
2372.2285,-0.991172
2.3601,0.000163
364.8008,-1.125635
34231.9821,6.677714
4469.9171,2.201627
271.9316,-0.353437
4957382.7280,237.943734
478.5802,-1.595888
80.7091,4.579395
3324.0666,1.087611
12.1151,1.674136
59.9343,-2.546436
240.9014,-1.761794
7.0576,-1.750053
10.2521,-0.296346
589.3219,0.027990
189.3902,0.008991
10081.9570,0.496605
918.1639,3.494271
537.2662,0.290846
433.2900,1.248354
15.8733,1.269699
265.7250,2.404855
22244.0283,4.328676
19463.1802,-2.450067
1320.5030,-10.607043
2205.8242,0.790227
0.6096,0.813704
141.1938,1.873650
36.3195,-0.452791
195.6337,-0.441796
279.0826,-2.138838
297.3890,1.113994
90.2629,0.004284
1116.6152,-0.765394
31.8726,-1.724346
1259.6791,4.292925
1194.9965,1.585849
340.8788,0.119215
118.8499,-1.614015
388.5113,2.731316
75.8006,9.008476
5.5073,-6.511268
7.8973,-4.195853
1843.0994,0.087471
39.2625,-1.863742
99.3187,-1.857158
20.6121,-1.851476
226.4560,-0.425686
790.4253,-1.759021
18501.1376,-0.976822
236.7748,2.547658
19985.5737,3.508553
326.1845,-4.969153
23.3956,1.237403
181.6572,4.689834
1342.6382,2.730993
1569.0175,5.172696
12617.7940,7.895031
675.9846,-0.198989
1258.9461,0.059854
15.8725,-4.160463
3.9761,-2.949546
0.0513,-0.361602
31.6488,-0.361291
183.6357,0.008734
8185.7380,0.220289
277.4011,0.187415
72.1119,0.003434
0.0764,-0.171996
238.4639,-0.159539
668.4158,-0.116377
75.1035,0.885585
2411.2100,-0.329118
16009.3855,2.970444
450.2005,0.381234
3027.2193,37.097425
29.4335,-1.801893
588.0111,6.297620
20905.2323,7.416395
23.9427,5.979573
1285.3714,1.077693
17.8218,0.606033
2343.5173,6.037394
563.0015,-2.319014
1662.5948,-1.691274
41.5493,-2.892224
0.3961,-2.890517
69.5309,0.598245
545.0982,-3.489361
2687.9025,-0.201879
26.6017,0.001260
14385.5781,-6.453648
1086.9150,-5.718299
55.5927,-2.854960
1284.4476,-2.791232
43.2989,4.061662
46.5975,-2.590729
78.8416,-3.622729
3.1240,-3.618868
109.2594,3.650332
500.0473,4.217229
141.7619,0.388579
15.8296,1.456854
477.7438,-47.408968
703.1661,-1.164460
33.8081,1.457044
9.8124,4.566304
43.3165,-0.467860
86.9815,-0.077327
47.8095,-0.300099
125.2438,-1.073926
1579.2635,2.299695
1.2673,-0.000069
1513817.3397,76.721261
3.5702,0.000148
1438.8132,-1.564713
15023.9321,10.479272
215.5078,0.010267
374.6808,3.266585
167639.5626,11.334012
320.6494,6.668973
189.5620,6.693316
239.8203,10.626320
0.4387,10.636916
111.7958,-8.860241
0.0617,1.896066
5200.8313,7.804195
16.6743,3.007852
112446.2772,14.230364
428.5508,0.851173
128.8999,-1.017442
80.2164,-2.539777
1027.5178,3.885586
263.0823,6.883626
238.8917,6.907611
0.1246,1.111328
1026.2783,2.064968
69.0572,-1.347086
3877.1410,-5.172964
1.1489,0.653689
783.7708,-3.900053
26.6993,7.788029
0.7829,8.708635
233.3880,-3.845823
156.3486,2.650675
8398.7032,4.460975
7.8134,-30.397408
427.5141,-6.045241
60.7303,-6.021854
31.3974,-6.017441
1.2407,-0.888410
2136.1476,7.632593
1.7894,7.734664
0.0051,7.763070
1187.0544,-3.957683
142.6316,3.006070
78.1418,-2.749552
35.5338,6.590964
6.3972,6.592970
39.2268,2.434599
16.7523,7.879504
43.5789,1.157757
434.4531,1.823575
758.3331,-0.109072
367.4450,-4.612744
255.4257,8.575229
3844.8010,8.773885
378.6631,-7.576112
0.0796,-3.566958
1807.7951,-1.948780
4.1942,-1.860823
142.2466,1.024916
549.3413,5.646380
9.1718,-5.311456
7.9491,-10.067987
67.3222,-4.508672
325.4194,-1.762539
751.1870,-1.709594
39121.5092,0.251601
187.4958,-0.807845
1.5671,27.866036
81.0275,-12.121000
111.9653,1.571285
1.7266,-2.305199
285.3750,-2.291101
5.2562,10.663367
125.5097,3.123722
349.3733,-17.191197
1.6309,-7.996832
64.3668,-11.064066
33.5082,4.258482
239.4574,5.238118
80.8957,2.757190
18.0908,-3.390129
502.8116,1.111244
1328.6491,5.306399
37.4501,-0.354018
9.0269,-9.363994
7392.0400,-9.000322
1610.5128,0.892360
77.2215,-6.140061
62.3018,-0.170804
7424.2507,8.166641
11823.1480,-2.181400
195.8808,-1.589856
7659.9771,14.416023
3145.4135,-6.229184
0.1404,1.074696
137.2451,1.482628
351.1424,0.784808
719.0207,-6.582445
459.8246,1.013832
19.1069,1.037404
172.3117,1.272868
19.4923,7.554714
524.3225,8.402149
57.8277,6.000417
1050.2518,-1.683096
255.2007,-5.795407
335.6413,-1.840727
78.6922,2.911682
78.7409,3.811474
279.1293,3.829131
39.1193,3.844833
546.9701,9.962262
797.0208,0.800528
97.8944,1.745039
24.7443,6.065040
7.8841,-3.110345
789.9720,-0.548696
197.7378,5.105838
2296.7829,4.098625
7.8330,-2.227991
210.9147,0.201824
400.8234,-0.146655
90.1047,2.576960
858.9791,2.623603
515.0046,1.855607
766.1599,1.918572
170.7564,0.059509
25.8357,-8.105992
19.5504,1.826984
206.3243,1.838086
1842.7235,6.624034
201.2572,-2.103790
19.5186,-4.626886
397.9920,0.603212
234.4308,1.101366
103.3237,-1.242244
953.8594,-3.809269
6.4973,1.464063
80.0746,1.468306
3808.6662,0.161099
778.5570,10.683412
14.6527,0.780563
767.3691,-7.196234
506.5615,-7.133557
26.3148,1.294501
782.9972,0.038515
8.5078,0.077421
3949.4470,17.308681
479.2866,-0.117751
78.7998,-0.090336
7933.7326,8.888002
1151.2839,-3.001136
267.0164,-0.425795
199.0162,1.513252
1272.8343,-1.630638
102.0474,0.005015
3.9633,5.508506
1207.7489,5.568008
1581.9719,4.079826
44400.2405,8.779952
159.7774,5.824489
7.9199,5.832686
0.0431,0.061791
45.7923,14.016295
15.2341,2.727933
392.4243,2.747836
764.4976,12.332544
31.0226,-12.248268
12838.0087,-1.330780
23.4458,-4.283475
814.0843,-2.857401
18.4368,3.497285
15.8560,-7.452889
10.1414,-1.992799
1542.4890,18.822177
2338.1923,1.346356
332.0257,0.832856
112.7986,-3.207404
6.8614,4.058414
76.3446,-2.190661
7505.2925,3.802150
740.9211,1.593886
1860.1204,2.816021
16963.8428,1.562420
43.3787,2.388364
40.1796,6.861840
6725.4252,3.794279
238.0397,4.132978
755.1844,-4.054331
42969.5190,7.203863
7.1731,-3.094584
33.5902,-1.217944
5.1310,-4.806324
2532.7032,0.123093
188.6330,2.785504
2794.2591,10.201184
245.8614,-0.103812
237.1455,-0.080318
29875.5224,-6.536374
631.0110,7.441130
11.3770,0.644368
29.8367,-4.206538
770.5943,0.649355
2579.7794,-5.299189
0.2483,1.229990
78.9765,7.357788
3.0856,-0.247796
25.6557,-6.168336
1766.5419,-0.420950
7.8058,-3.297515
58404.3143,7.135561
3738.8513,4.942492
