block_date,n_swaps,simple_avg_next_bps,usd_weighted_next_bps,simple_avg_15s_bps,usd_weighted_15s_bps,total_usd,lp_pnl_next_dollar,lp_pnl_15s_dollar
2025-01-01,4209,3.7975945652682443,2.0130355568287097,3.7833331524978706,2.006470742748763,1.1951524400443107E8,24003.017215493623,23920.855372915386
2025-01-31,2,4.338938587107104,-2.91395540035852,4.341632774303586,4.18194027263936,93652.27215928861,-27.292288979348765,39.16909983743335
2025-02-01,6300,3.0539289828566405,-0.30281520041070675,3.0117556401467427,-0.47761443872252646,2.59117802185251E8,-7933.674370425395,-12466.870498513774
2025-02-02,10310,3.684179138081891,0.7878421575660253,3.641842408301665,0.8970206648975603,4.248930111051261E8,39680.191276915335,43908.395807850495
2025-02-03,15006,-3.8778477080013674,-11.74430306695473,-4.323478431997689,-10.833217825392436,1.479326109817917E9,-1304378.469830447,-1141102.3285345442
2025-02-04,12530,3.5474461873256313,-0.9263856322664796,3.4801282931139017,-1.045198111661273,7.622612380571941E8,-63404.286551754216,-73628.14966979474
2025-02-05,9551,3.21009398527638,-1.136966243223639,3.135550981675522,-1.2789433534632952,4.6566464341781044E8,-53361.466440392425,-59987.178514163155
2025-02-06,10033,1.7830278858827353,-6.296479501960598,1.9094954640738602,-5.1621661731617845,8.501467407086031E8,-535152.0474362856,-438688.2174834678
2025-02-07,9499,3.4356891472816407,-0.7398259452907658,3.237854919253351,-0.7523676289341027,4.2521302225112057E8,-31357.03536411863,-31974.44949574591
2025-02-08,6595,3.1037641834574314,0.4664472876997711,3.0901950678744474,0.4994256518554057,1.4898661796057066E8,6995.029734236181,7498.008123205162
2025-02-09,7041,3.7778293223972517,-0.7241894241195787,3.7195478357315372,-1.4505291922659782,1.9300261220010796E8,-15000.027789317704,-28754.81985962939
2025-02-10,7743,3.2893208670233336,0.6041443982791832,3.136407279274634,0.38456326992433293,2.1114638508219758E8,13081.637161021667,8417.00614949904
2025-02-11,7960,3.1790469311211775,-1.8058112189836437,3.0813798376949646,-0.8950984188583633,3.685782413411099E8,-67027.67324328845,-33175.922340031015
2025-02-12,8148,3.2756798339154747,-1.5278608508148976,3.1819301527285115,-2.110747501592409,3.965143197992221E8,-57511.714106052386,-80530.05167566006
2025-02-13,7776,4.347991969893908,0.64223246696733,4.2451293919608,0.4637203724508383,3.1420431598595524E8,19928.830154749736,14412.163064186734
2025-02-14,7652,3.3768349479984634,1.300762728243036,3.3487887384930217,1.0081153024344252,3.0951849415452E8,40358.8746442757,31305.332854663073
2025-02-15,4947,3.2431032155162822,-0.7952226805196204,3.142018605434172,-1.0157454147232363,1.0705754104047862E8,-8568.06209320608,-10920.167100884157
2025-02-16,4636,2.9964630755567154,-1.7202509609930479,2.8417901694124073,-1.6540670418793726,1.1839699687981664E8,-20420.400111414718,-19603.311592535447
2025-02-17,6631,1.8199288092519244,-2.5986093169005637,1.77742522602072,-2.406847485069657,4.2282981876985526E8,-111019.69883045503,-102810.62447938896
2025-02-18,8171,2.752893743962575,-1.0874504103147196,2.7070055288780392,-0.5954402450049081,4.1643504092857546E8,-44183.00944645221,-23576.369724037642
2025-02-19,6601,3.1743904860680643,1.440587105870477,3.0471759362654764,1.3702827875118753,2.2731168468586296E8,33279.76474474261,31739.13967804658
2025-02-20,5839,2.880732102207955,0.7598754273298826,2.7712518483175197,0.6926758569211876,2.18815394188899E8,20229.625251327525,18826.133688286154
2025-02-21,8285,2.884659109780523,0.4727624919440066,2.874975297749958,-0.6535189229933234,5.541673569051915E8,23756.222941911856,-37394.369738208945
2025-02-22,6361,3.3383910248347637,1.9605496893233343,3.2995240896639673,2.1001845993708255,2.802729593422519E8,53314.593288122676,57399.13656516926
2025-02-23,6254,3.3189390782772197,2.2582001085733086,3.3122445454130025,2.102096517200162,3.6167272027562284E8,81442.04644567039,75916.84866769225
2025-02-24,10157,1.9657303645201292,-2.3157543987600566,2.049393145420384,-1.6866951043427965,7.042549737395285E8,-160903.3773885122,-116115.69192788967
2025-02-25,11632,3.020168502223724,0.097101133830307,2.612101662123906,-0.004075163067224248,3.370006653217452E8,18767.407454924098,15282.896645303552
2025-02-26,8954,2.9080519473901654,2.337050213381382,2.972832565574063,2.1784594334529905,2.2962446948983777E8,65375.308366177545,61061.77114561398
2025-02-27,8471,4.787277192225989,2.4262590480382826,4.721503712055571,2.404223907467785,1.592533038573847E8,42876.53591751325,42453.319230955574
2025-02-28,13127,3.179709042725568,-0.9764326111817149,3.080733006108279,-1.440128844335797,7.634008016700506E8,-58925.92589266965,-93007.43418407234
2025-03-01,6478,2.5264164452234854,-0.8696013582987273,2.394150121072159,-0.7334920550617656,1.9605307817086378E8,-15742.653499252221,-13143.887266342199
2025-03-02,8703,3.3183096184556837,-1.8280824535401214,2.949732467410494,-3.1276249001160727,3.826287919456195E8,-78559.23674281026,-130367.63912900588
2025-03-03,11502,3.0327871669807087,-0.7390621234004572,2.8898850279548154,-0.5265689993243018,5.333749251690878E8,-34772.96371575434,-21736.405058341963
2025-03-04,13537,3.1172887694048006,-3.110554760750607,2.932265495680758,-4.048403863540387,8.648661628232119E8,-265366.76787533733,-346746.58093117847
2025-03-05,8302,2.582518917492756,-2.239024904297549,2.5899506904338168,-2.1274974398933075,2.763889055567773E8,-61558.0368855927,-58369.63015707268
2025-03-06,8013,2.745732062509609,-1.365822788265294,2.535400588293274,-1.5648624893483847,1.4744693819447997E8,-20052.742349575172,-22944.331257098605
2025-03-07,10100,2.552970576404482,-3.3731245968883092,2.3017551240555423,-4.036329979245821,5.373146181865801E8,-182111.23352781383,-217678.21215881614
2025-03-08,6460,2.7321834560650857,-1.415117048587692,2.6894627074402386,-1.23153343615279,1.8584469247381982E8,-26129.174719767012,-22682.14532752987
2025-03-09,9252,3.0549933175919373,-1.2410087946656838,2.7853803021788393,-0.870329994559352,4.211601154445254E8,-51264.94858423139,-35309.67130384268
2025-03-10,12188,2.798011747527094,-1.8183503621327899,3.262423261837747,-1.667697794918038,7.861204041372515E8,-94896.17044657186,-87190.89795254791
2025-03-11,11390,3.006609959964591,-4.091176497350715,3.047863771119384,-4.903686586366052,6.11936450246027E8,-241997.5681681324,-290621.147197245
2025-03-12,9553,2.7648914215393314,-3.193681015672131,2.3864172513587913,-4.334316958179683,3.933869645864525E8,-125321.27796907112,-169516.1186384639
2025-03-13,7608,2.3594048368133236,-1.0570529412249678,2.083210858215549,-1.1897452072363977,2.405155848042408E8,-25040.482509192763,-28216.653908158438
2025-03-14,6477,2.8384087893045455,-1.0768461641984235,2.854498418336904,-0.528439080690307,2.2136071161892247E8,-23831.094063024266,-11611.860755534146
2025-03-15,4702,2.667026832253265,-0.6337292798122692,2.56865583473271,-0.5550054790861465,1.1419494243232912E8,-7252.120689987112,-6342.088193064557
2025-03-16,5600,2.8879655364077323,-2.4992105015200505,2.68631303110267,-2.4850539064777677,1.4302392262610927E8,-35741.6751127559,-35491.97626164447
2025-03-17,6099,3.976882162508019,-2.5272757958591474,3.9237923435909194,-1.8873433368550958,1.9724348718997386E8,-49932.64395030988,-37251.23444132681
2025-03-18,6251,2.8738751715776574,-1.1055558615183008,2.7554157135099118,-1.2901184175992038,1.625411482752213E8,-17977.796821131764,-20963.62461132864
2025-03-19,7664,3.0328421027446058,-3.3508434785760906,3.1302028723684634,-3.0475132182486058,3.9315700226956517E8,-132021.63237922455,-119955.41692059266
2025-03-20,6630,3.0226787963336554,-0.9006762843765647,2.9775004402017644,-0.8873607188545565,2.6542397367898405E8,-23590.551116957366,-23167.67973133458
2025-03-21,5296,2.909534905760967,-1.8305796903016949,2.8516440917353276,-1.6067317640930994,2.0616314787759706E8,-37830.00974457242,-33088.46449374682
2025-03-22,3680,2.9494675601738884,-0.2966999353811335,2.8450180046332343,-0.5153334475643203,1.019999463079369E8,-3024.671809859943,-5250.367994029968
2025-03-23,3983,2.85414440975728,-1.2588081436029188,2.754659680300866,-1.4996532185000968,1.1309359955912486E8,-14256.594304339284,-16975.477178083984
2025-03-24,6361,2.780042512228395,-0.7402463093290386,2.6997338893958642,-1.0357023609827687,2.6300769253942877E8,-19546.81325074515,-27246.899439143817
2025-03-25,5661,2.5771395638249013,-1.0827883029208905,2.3984094479421363,-1.321934142331802,1.792173310516126E8,-19399.11386774421,-23680.233487464866
2025-03-26,5742,2.618485036804472,-0.33651486996514024,2.4939276070016847,-0.5040171810851369,2.035854281838602E8,-7143.10175061733,-10490.737244874552
2025-03-27,4889,2.531872283216442,-1.82199098073758,2.410115320451745,-2.128791546125978,1.6296350417877316E8,-29747.936777960313,-34739.67715231854
2025-03-28,6864,2.6627661594431244,-5.529515817512401,2.566533448913438,-5.810467399620628,3.372414067848207E8,-189074.5435265865,-198229.1203893415
2025-03-29,6291,2.5486466450207943,-1.4579233091924815,2.4467514394490144,-1.98469094108262,1.831118247073736E8,-26293.081791441255,-35975.83955619013
2025-03-30,6046,2.7495685129388816,-1.16773322172259,2.6468704459300523,-1.0790894332939218,1.5019231571346486E8,-16829.968219765404,-15235.99344679301
2025-03-31,6802,2.6099042443688645,-1.3560949999326717,2.4786759621908017,-1.7251992565427676,2.0142621510961103E8,-26907.77437700777,-34345.18985106671
2025-04-01,6245,2.7074155999637313,-2.1135775183758394,2.735397130431467,-2.144678153234191,2.1512679016599235E8,-45603.23962638861,-46137.902156404365
2025-04-02,7712,2.898430126293991,-3.3845057916737735,2.8736224706380904,-5.517747556764978,3.778042411671718E8,-125160.05375801245,-205842.164178851
2025-04-03,7405,2.5495222669718194,-1.0379272764936966,2.5991266135784734,-0.9098875910837069,2.3446694316281435E8,-24204.395109703408,-21088.713515043786
2025-04-04,7217,2.782205538889591,-2.193027742098509,2.684472050607035,-2.6977162387219966,2.491307922226677E8,-54681.63843014429,-67331.34244899078
2025-04-05,4280,3.1380487163285995,-0.7194179072158531,2.918552256633707,-1.2294209396455542,8.389381637312631E7,-6029.712228707962,-10229.134555976172
2025-04-06,10801,0.5290403301706599,2.6054808887502983,0.34537098209810824,2.110130134679323,3.829414691318165E8,129154.48839360022,109654.68855780938
2025-04-07,15638,2.811381872654194,0.3885405665125746,2.724506462853093,-0.4793266308221927,4.122759479180326E8,75987.03189789558,41503.73085881634
2025-04-08,10565,3.526601846855767,-3.10113713778342,3.205840731868615,-3.605960998120442,2.0671128903321108E8,2417.4788343481196,-8636.72235232385
2025-04-09,12908,3.504204606130407,4.431375229200928,3.553483591695571,3.6978257796463714,2.8228703761467236E8,130710.0556539653,106433.83337655262
2025-04-10,9205,2.647993792724983,8.19079538504755,2.3304130385621065,8.392192985600587,2.294643007249519E8,204326.8911765768,208922.0876524219
2025-04-11,8106,2.964591984929503,-1.0684597738662285,2.9605011875216523,-1.3600325568798146,1.1415658711921208E8,-8063.387803971491,-11443.374135565784
2025-04-12,7805,3.314940131693466,0.6286451762139706,3.1661398452793996,0.4180122407137353,1.0563596654262722E8,7601.059754049606,5335.810710192294
2025-04-13,7662,3.266311031850962,-1.3469005664106821,3.071152874044469,-2.1507180327722435,1.1333365692422882E8,-14718.134969015744,-23670.705128189784
2025-04-14,7903,3.044806703575524,-0.8414034517551313,2.9539888104497303,-0.6951150647828946,1.4308176877188906E8,-12566.32134543516,-10412.234498700676
2025-04-15,7909,3.787982093189379,-0.024295788338697197,3.863313355927688,0.37371123368167447,1.0488594124376915E8,-170.97444624307468,4044.921905225643
2025-04-16,7669,3.4137869490385766,-1.809061506110766,3.2246563741067593,-2.1924472748774466,1.2702806888654314E8,-23254.56392265827,-28133.7276014494
2025-04-17,5817,2.802916471895086,-0.5243891129831417,2.8408761546783303,-0.5204087786337379,1.19338843317869E8,-6254.791433893771,-6224.742765593974
2025-04-18,4144,3.2413523991096858,0.025131947560784438,3.2140040568923323,0.1685820836970129,1.0137247003899887E8,326.0687761493534,1778.6802982084942
2025-04-19,3655,3.1033173720610385,-1.1309696304148467,2.8086201558230037,-1.8146319609130444,5.896047671808935E7,-6714.276383179734,-10734.99213321827
2025-04-20,4153,2.858843784238808,-1.233107819366308,2.756430033313795,-0.3097081192448416,1.0755498181542161E8,-13303.071988282314,-3310.3225009975413
2025-04-21,6299,2.8178643189167296,0.4035314721329161,2.7507821031399136,-0.16489405299109683,1.1930391595731544E8,5757.920343877276,-1148.5069609624118
2025-04-22,7575,3.1944383985325713,-2.889586467189435,2.7643089929485924,-3.5818966870373545,2.299734708388311E8,-67061.58687692259,-83313.18120954433
2025-04-23,7651,3.372033152628247,-0.9494556824608906,3.398140745593407,-0.9657857519384897,2.6821783875533128E8,-25126.78946832771,-25176.61885943181
2025-04-24,5868,2.749462548166189,-0.8961477850562413,2.465780436388255,-1.2684245347519516,1.6296177732075447E8,-13914.9028783502,-19967.863605371636
2025-04-25,6440,2.749448948589283,-1.2228771359784447,2.556522141664476,-1.5958738491801658,1.598992037217513E8,-19623.09607274195,-25588.75031507533
2025-04-26,5052,2.7111394158748534,-1.0765428697146904,2.3906024288012246,-1.5128444990306136,8.933715665558E7,-9667.489977081204,-13507.088700406246
2025-04-27,5153,2.7267554245391716,-0.7232521473656285,2.672249952140324,-0.7544806588736146,8.354488077788025E7,-6129.678315062555,-6377.052780106761
2025-04-28,6288,2.6545638757448957,-1.84197487294113,2.715461856008188,-2.003738206243509,1.420313027168099E8,-26271.8073932035,-28505.84340654065
2025-04-29,5486,2.6526121648810315,-0.8983475553318868,2.531972423201619,-1.1454989630943089,1.0346643955839376E8,-9325.045316330219,-11881.993594682803
2025-04-30,5832,2.80806528180741,-1.568948303995009,2.8416307316373572,-1.6158686717254895,1.3631609649872065E8,-21478.923234713744,-22077.301061865077
2025-05-01,5541,2.9748080969901762,-0.30874192916899906,3.031251596954792,-0.3412020727385627,9.824424990316458E7,1687.5998952759942,1294.7718658685967
2025-05-02,4682,2.693874009170381,0.38164649726694494,2.685540888098152,-0.08398434312659075,7.592750256086001E7,3169.305471346538,-423.0675721510688
2025-05-03,3303,2.7735016453086576,0.1285418814634204,2.5694752083593135,-0.17926348582255652,3.473197170786918E7,444.46973950384074,-624.4300827455617
2025-05-04,3925,2.4292777346416505,-0.18677839223642548,2.303129706431287,-0.3792376545893167,4.958293074744785E7,-919.4940739413091,-1876.1938946610228
2025-05-05,4785,2.602642128471072,-0.0040738893437103785,2.7021038894586127,0.3005564470786909,8.488920446850246E7,934.4020942046022,3212.922821337828
2025-05-06,5305,2.739422630098423,-0.793257497008025,2.554124625961774,-1.2775628856324968,1.0896087409766051E8,-8691.969705728337,-13971.010340001483
2025-05-07,5332,3.139885980264327,-0.9384543373878599,3.125504973074426,-1.4289934927377224,9.205232459268059E7,-8668.161571377253,-13176.388924845376
2025-05-08,10480,3.63372152360194,-2.6034450340183017,3.5383126440341175,-2.631192022561876,4.646280948770894E8,-122907.78954264963,-124004.89159355457
2025-05-09,10319,3.6074888631825788,-2.278456328632159,3.6090644203953017,-2.3544323646156133,3.3629693210015845E8,-77584.96451471749,-79759.12826917353
2025-05-10,8591,3.5564291517311903,-1.1752614455434507,3.7061414536446553,-0.9029789994176414,1.981584124757959E8,-22969.33098652402,-17484.461362261423
2025-05-11,8761,3.46244381101971,-0.6522988079895895,3.1603432893592904,-0.5023224019749298,2.0754923310902184E8,-12749.211847538829,-9586.145176629982
2025-05-12,7909,3.418130246897699,-0.6675215762260928,3.236928638041391,-0.46181058200633934,2.0331441875465408E8,-13115.898719889869,-8638.145580550561
2025-05-13,7520,3.0442567425280487,0.4363716236161202,2.7871181420884525,-0.07960735197009651,2.2734282231875017E8,9979.441194770772,-1523.502584556495
2025-05-14,6971,2.9518623836579745,-1.5258963027095154,2.819981629016278,-1.6664776313591148,2.4042708820878488E8,-36210.921666449074,-39471.00897890618
2025-05-15,6402,2.5488908563583417,-1.6905456417294644,2.221859806714476,-1.8928112900176246,1.8610361910594904E8,-31063.306182268883,-34906.32062126801
2025-05-16,5334,2.6352951908408944,-0.6875280226122515,2.296814147241232,-1.1312588734590656,1.6168981889789724E8,-11170.209136773412,-18317.26940858501
2025-05-17,5262,2.4061853015445744,-1.5252698340706283,2.320604533678125,-1.4161506823792696,9.747128263531715E7,-14936.984019752286,-13854.142443121353
2025-05-18,6720,3.4280179863246736,-2.1433590601542503,3.6716034135510425,-3.342102841521789,1.3425852714361048E8,-28960.995762637776,-45313.82607750186
2025-05-19,7503,2.985632538070372,-0.5206703386849764,2.6050304530774935,-0.9591163123433057,1.5982539909704566E8,-8265.279174319365,-15264.67532565967
2025-05-20,5965,2.6468462704659235,-0.5423803604750352,2.363903923576781,-1.1310634804039899,1.3814270193911025E8,-7552.861402394906,-15685.400548868965
2025-05-21,6939,2.871656298844762,-1.614438475494891,2.841521564991747,-2.073736410057584,2.055223096063792E8,-33667.13607281676,-43215.89782831763
2025-05-22,6971,2.8998329912395127,-0.15749002822181019,3.013011812059643,-0.3477545872030744,2.3859449776175684E8,-3948.432512644551,-8522.539352395288
2025-05-23,7125,3.4134993476562667,0.22237787645425688,3.0472721083158905,-0.3224708551655128,2.6810206687619668E8,5236.884757672775,-9423.53076295813
2025-05-24,4670,2.8203914338351126,0.802994665890127,2.7013418064107757,0.8249555623868707,7.453947618077564E7,6054.784210154983,6223.4559551948705
2025-05-25,5077,3.1821929464184824,-1.261652706365147,3.34939872386956,-1.6883126248985616,6.802757442463635E7,-8655.06357901072,-11541.051249797862
2025-05-26,4404,2.7474252534583603,-0.1599192221933398,2.721257341821309,0.024129072023445518,7.243874044574133E7,-1163.7551978900701,194.47874437083487
2025-05-27,4911,2.8015199106932234,-0.9300238925175766,2.686498931796349,-0.7477289708412447,1.2486680456213419E8,-11863.372450636165,-9508.784818566193
2025-05-28,4916,3.001257400349264,-0.7165500076749527,2.755560466692901,-1.288046391843655,9.841309433550954E7,-7070.487619682449,-12701.258063707206
2025-05-29,5579,3.4341660120454267,-1.1953106469965782,3.3118125082851995,-1.35991237067757,1.5191532732451832E8,-12609.261927600493,-15080.376040292891
2025-05-30,5944,2.8771214551214066,0.17235105758022135,2.7124170783231563,-0.059162399492432384,1.8587236656025082E8,3411.799993440536,-831.0885984242218
2025-05-31,4650,2.903235530398246,-0.6277680600106695,2.752237550145457,-0.5981780880639364,7.470650700560585E7,-4711.886513419052,-4460.658932665216
2025-06-01,4316,2.866922832540599,-0.4189133824266631,2.713013118390186,-1.208633176398551,5.4636058527244195E7,-2283.914478991644,-6603.225525203248
2025-06-02,4385,2.788017136561545,-0.7532870338950124,2.7004747081576395,-1.207748684879029,7.955913253733638E7,-6046.506472442265,-9670.044169474844
2025-06-03,4494,2.7329807855778507,-0.037945250866603275,2.6958113269750963,0.18237216065884784,9.244157931637427E7,154.45642759246448,2187.8787703127177
2025-06-04,4437,2.936321315065725,-0.17453967156106936,2.8072428372398295,-0.5251698262663904,7.398240136314003E7,-1287.883800705918,-3888.35506275719
2025-06-05,5167,2.987552829492801,-1.2752925011120249,2.941353396346834,-1.2574839867846317,1.4296812617670295E8,-16006.772942910546,-15681.863340591604
2025-06-06,4791,2.793241845994704,-0.7879133093910258,2.707819156039126,-0.7582452422861329,7.234403453513844E7,-5736.494916449443,-5477.228109639946
2025-06-07,3573,2.808739525561407,-0.599256718611675,2.741652533301912,-0.17257034463624685,3.43750227504983E7,-2074.608476773979,-597.3294101694219
2025-06-08,3937,3.227695887896029,-0.25388554060984797,3.118768152152364,-0.16375628546511692,3.45279228164885E7,-899.956503871992,-584.2035725331843
2025-06-09,4744,3.0755069982979775,-0.318365079139642,3.0374384114179587,-0.22205028548889633,7.823305299491774E7,-2552.693484260179,-1787.9783033171238
2025-06-10,6927,1.1852974181602025,-4.701075030040298,1.2226069553426517,-3.4501744175963722,3.1517990237458503E8,-148449.14558203024,-108903.63591938319
2025-06-11,6251,3.048425525311849,0.33159283909604736,2.8270082870284488,0.2730610038942754,2.0329817103112403E8,6166.173458899568,5055.372696137045
2025-06-12,6495,2.9991318213340468,1.4572992415542667,2.852815445150319,1.2468570911542076,2.694515405418352E8,38537.262188185894,32865.117986119185
2025-06-13,7252,2.5267181965555316,-0.8880896154114695,2.7097399566180362,-1.5064104706080674,2.209261093078854E8,-22474.37580808468,-36188.62567382128
2025-06-14,4341,2.8199410255409822,-1.4706946917845691,2.7447940271343905,-1.5825363630505636,5.0880602911580585E7,-7496.979078792207,-8051.081923762894
2025-06-15,4412,2.9714314941085167,-0.7977098790896429,2.926904747385027,-1.3932857192540364,4.827756595448631E7,-3882.9312475129177,-6760.230037749574
2025-06-16,5593,2.8873084106764195,-1.5249509525577896,2.8102089166525297,-1.8081430466318273,1.3074525210746083E8,-19128.064097168426,-22863.218481937107
2025-06-17,6422,3.0368396530824957,-1.2347377394016594,3.0882000633544906,-1.3039725379646068,1.189196438083451E8,-14756.956523268058,-15582.848044389868
2025-06-18,5664,2.9009814461994625,-1.7111443976334026,2.7972765847382806,-2.244742898021985,1.0414122902418359E8,-17845.148443248716,-23346.736386713877
2025-06-19,4483,3.04610328480001,-0.7883909303185428,2.8592044268483385,-1.41509582381417,4.850327610895977E7,-3842.956916299358,-6877.0710624683
2025-06-20,5482,3.152263443810184,0.4487526718600131,3.086989374772911,-0.026985795607776135,1.0699065085653399E8,5279.9703994048405,-268.44377561019303
2025-06-21,5995,3.286905545368222,-4.3611657118237295,2.887780499265778,-7.4288823263530945,1.0167931969084089E8,-46504.66604672222,-75678.78136575162
2025-06-22,9059,2.962100472388007,-3.242640978675519,2.446879836975865,-2.792811896603859,3.111584824286743E8,-100129.47670597494,-85830.23858282817
2025-06-23,7126,2.909844853406478,-0.3274136004164623,2.6965259206775114,-1.1506744413940893,1.434831162638035E8,-2906.6015505248038,-14554.218327701035
2025-06-24,5291,2.8623905382647328,-0.6592165719461425,2.6437336566548497,-1.3985892513686435,6.866867249368253E7,-4435.324812563802,-9536.333958881769
2025-06-25,4126,2.5878262811755266,-0.7514008180001682,2.3875696632477856,-0.9712933029834455,5.954333783237112E7,-4380.901583034263,-5662.364423694852
2025-06-26,4877,3.0136872568381756,-2.071847455174582,2.9153493191148305,-2.876854912234283,7.856102367008314E7,8346.881313033886,1873.4418873476739
2025-06-27,4494,2.928939153146601,1.3267926148803613,2.7669065722473927,1.448161149482132,4.6840553181351736E7,6606.099421963435,7207.419586298613
2025-06-28,3693,3.9145687553022426,0.46070969693003694,3.9000569939146463,0.07655674427939635,1.1150491931336347E7,512.4177216693827,83.25618556076739
2025-06-29,3980,3.590945180752152,-0.962598145792702,3.4994123499113883,-1.5004633836558257,2.2182788072355893E7,-2175.160986924887,-3376.954751887542
2025-06-30,4698,3.871736438582685,-0.6233266460952864,3.699971580818949,-1.1909268393736467,4.509394300312804E7,-2808.2365969753628,-5363.358869094096
2025-07-01,4351,2.935553218989592,-0.45853241452836074,2.8110815335517367,-0.6562697533110149,3.401428745164957E7,-1537.4967395021793,-2203.9813081953635
2025-07-02,4790,3.5534872720262256,-0.524065668689598,3.5140404779751426,-0.9136074274263286,5.047618032066834E7,-2761.234678078976,-4742.477888301943
2025-07-03,4438,3.054154806005362,-0.5297614304849173,2.966166956946627,-0.4777646035652453,4.9873325296915896E7,-2613.989672756372,-2314.9483455788313
2025-07-04,4150,2.9788193335955695,-0.2027521233267684,2.8472726398569814,-0.46574218969136033,4.088014840877032E7,-796.2417721941138,-1864.981493627949
2025-07-05,3635,3.252861214329673,0.8505230419258575,3.1178532149353164,0.5509496541672397,1.779414828551255E7,1521.0397129081477,988.4818820698654
2025-07-06,3664,3.385148735479724,-0.8626907801414885,3.205347656227687,-2.230892439446697,3.1996618141164713E7,-2813.5171766890417,-7237.15104987813
2025-07-07,3896,2.731503244022798,-0.9966935722494009,2.573979756625893,-0.9626159995422463,4.4852661399765946E7,-4438.098977658422,-4283.262987873586
2025-07-08,4016,3.2165924027903556,-0.03417231355357367,3.0699577356404553,-0.38017814196437916,3.722134839005823E7,-68.79876877127249,-1365.3575676182088
2025-07-09,4676,3.0500840989872717,-0.20512261952896632,3.0626458682262543,-0.2370428182697743,6.935255029913908E7,-1934.1763630710523,-2222.539645556269
2025-07-10,4583,3.3840125995167036,0.4104726702168858,3.186327894502314,-0.536289779668915,9.358081677405909E7,2608.1376768253913,-5375.529220072626
2025-07-11,6072,2.9962407992960127,0.9024706983322157,2.7840408253872324,0.3499788352881359,1.3147071082852274E8,12179.381279248159,4920.72272488194
2025-07-12,4053,5.435038503479635,-0.3749103581201096,5.328221141979412,-0.15923085669913842,3.3007052711888276E7,-1236.9638153936933,-518.08381975754
2025-07-13,4374,3.406986273237271,-0.7153399473177144,3.328243188105907,-0.3999085363038859,4.494865406771185E7,-3229.9328826049746,-1791.4148641388697
2025-07-14,5090,3.4929004818793365,1.237223491920825,3.371895754674267,1.094277953102117,1.3017280912998919E8,16440.26341383144,14585.177240771758
2025-07-15,5357,3.4530639016684694,-1.2878621202785185,3.1851158858035524,-2.0090814681166487,9.459230657744582E7,-12235.310034469472,-19104.506502211923
2025-07-16,5465,2.9937218687422176,-0.25141438906266383,2.8535674555085366,-0.2962185224061107,1.0530405144119674E8,-2704.6940592670826,-3155.121010881563
2025-07-17,5407,3.940423796801019,-0.7189041310272324,3.8805217697220757,-1.3081210628237607,9.859548766559517E7,-7096.294194126659,-12867.051017345026
2025-07-18,6253,2.447413040103755,0.44691473423739997,2.3626616547596897,0.05780066927434843,1.6016755752889296E8,7262.881998093064,1016.0430449204997
2025-07-19,4541,2.8495930001024488,-0.04690597214955815,2.7664361188377278,-0.12360433051359074,5.580901230627992E7,-244.02929361050462,-667.1780677386838
2025-07-20,6690,3.0803790923319645,1.626828677525852,3.0299434548798505,1.2771504016442392,1.932097795668389E8,31666.622449734634,24944.72577076628
2025-07-21,6485,3.221184086073037,0.9363437317010348,3.1274183319091344,0.7466167945340526,1.6852558316285184E8,16256.59597627951,13114.994788583223
2025-07-22,7121,4.102349787673147,-0.8137463059969934,3.9919234614751855,-1.064897851633017,1.4750915685890484E8,-11849.583086546761,-15580.197780624112
2025-07-23,6937,3.0991721674804316,-0.25954734849804795,2.8822461311678347,-0.8616311958934312,1.1215468391801302E8,-2686.5982511511284,-9413.489638972045
2025-07-24,6728,3.0751941129119382,-1.3074809710969988,2.9502423988225552,-1.5835880747127289,1.6613756738995326E8,-22038.797259747065,-26587.733548465454
2025-07-25,7023,6.513844366582207,-1.402752899864959,6.352315694056,-1.8834577650258166,1.1925891273854215E8,-16596.615835316497,-22359.216958977035
2025-07-26,5029,3.6888928003722703,-0.33683886364699384,3.515532041863514,-0.8769055857770464,6.0339069673189364E7,-2026.2649877880194,-5285.031571590322
2025-07-27,5470,3.808679762579406,0.3950184798146013,3.776442649168299,0.41399419036585833,8.873086773144434E7,3459.3288476715734,3609.786789535038
2025-07-28,6354,2.996223544842429,-0.6466498078824897,2.859486140027597,-0.9055393641430625,1.153780299388885E8,-7435.927550457923,-10427.797142765154
2025-07-29,5471,6.612587750545827,-1.3873090219380495,6.511605724254783,-1.79101764150206,1.0744258855461204E8,-14918.109254585228,-19249.598539575054
2025-07-30,4447,2.136248534675185,-0.7179417475786413,1.8938742784724392,-1.2435030182401936,1.2209649293709873E8,-8245.629839598974,-14548.918582208342
2025-07-31,4466,2.9640598791721238,0.8370223255482715,2.8394170374221286,0.6089491366278729,6.694807734787364E7,5722.871081201512,4216.710709032975
2025-08-01,7359,2.5609222456139182,-0.20630328542984605,2.0968244860654766,-0.7828178654176746,1.0848660948729566E8,-1578.111335704189,-7763.352269126474
2025-08-02,6086,2.428083390877383,1.6227321870854539,2.292764950096775,1.6780106634712662,7.57710278814145E7,13483.947182892776,13900.421077140712
2025-08-03,4653,22.07856734283737,0.7668793212079916,22.10588332508925,0.7407011480788915,3.2032872949848365E7,2970.90093179163,2881.01439046931
2025-08-04,5215,6.172463346087532,0.5030509194524194,6.145627217394964,0.24603916286607103,4.767256668526748E7,2469.647383029744,1239.8358970716836
2025-08-05,5126,2.609770391908147,-0.07776833711034722,2.4122800645107456,-0.333901899512193,5.719310853653017E7,-381.3852604763107,-1848.8155700125849
2025-08-06,4867,3.0722775710279207,-0.1116783152935146,2.873100076273861,-0.6991245169898946,4.30424278641157E7,-421.44098651823765,-2966.2419210150324
2025-08-07,5143,3.5720875515339903,0.6659091139221298,3.487283086546534,0.0048310621147522525,6.503207530848458E7,4447.465982401408,141.01638838545068
2025-08-08,5685,3.1027277896398333,0.6563965078447013,2.9193785912862333,0.03405266634213469,7.967604479636554E7,5131.742241426474,160.00688239859898
2025-08-09,6960,3.2801462457042083,1.9899422544285323,3.2055080525127204,1.770385783769423,1.0118279366294783E8,21023.826582162725,18824.707391088057
2025-08-10,5574,3.2121299519777518,1.9792217388007596,3.0767093874534623,1.8928425748924103,5.97004592924222E7,12375.417200464613,11862.226047179598
2025-08-11,6058,2.832987884387149,0.6344146629699231,2.9272321847404092,0.5843783691405893,7.456536857215303E7,4936.0174276080215,4573.207070533572
2025-08-12,7022,4.750822579195957,2.4743116368735896,4.713768553410246,2.315220212780327,1.210299305818788E8,29954.557689230605,27948.245455403296
2025-08-13,7138,3.0430327847027123,0.9502073698492812,3.0258641152014256,2.634271830273375,2.155463489814047E8,22537.351344549745,58796.62431297157
2025-08-14,7422,2.6182011050203706,1.5757712830409396,2.4975920680945856,1.3577278119052445,2.5611710053747287E8,44088.05991603002,38428.63640031557
2025-08-15,6409,2.2763937509214878,0.26651168885098386,2.147808863393003,-0.04913786829382433,1.8592179547328842E8,5822.804503527741,21.69558585210234
2025-08-16,4348,2.20534144729868,0.6159639006459097,2.110129863035111,0.1918062734190841,7.593827029328126E7,4855.256058750781,1622.456252787002
2025-08-17,5033,2.7665957198676,-2.2171517275719874,2.8426919634471557,-4.133979339160024,2.1428278399200612E8,-47951.4667521392,-89771.88259095294
2025-08-18,6068,1.8689796115988533,-1.1938968225519786,1.838723344984285,-0.9600275562992451,1.7729422167939848E8,-19358.10285280793,-15267.449397262244
2025-08-19,7023,21.922140028239447,0.7113871899428551,21.881551634542983,0.295934842022537,1.9494311356361175E8,15328.108325458092,7190.364625026676
2025-08-20,6718,2.5742540611380886,0.2537833659734861,2.4464151074766605,-0.2577473944734431,1.595721516901649E8,4644.571583182534,-3523.0784606913203
2025-08-21,6235,2.733261272958653,-0.5596094499622356,2.559450248376558,-0.9461087831685905,1.2632514006096275E8,-6987.887522715772,-11886.114906443487
2025-08-22,8506,3.952818526603767,0.5657472669814723,4.026100169139366,-0.1545470469539229,2.089928626052421E8,12275.513740925639,-1969.9067955580117
2025-08-23,5881,2.979694579644804,2.0197042787125823,2.8741943383880977,1.8474294607084203,1.2531046213111429E8,26322.400940595497,24169.351335796004
2025-08-24,7087,2.836592687825299,0.20823342979370424,2.8423149069890266,-0.33381726191440597,2.693461916784742E8,5914.82267646314,-7750.4263667596815
2025-08-25,7691,4.017044977556009,-0.8204397790648993,3.791465108154996,-1.0404248198994026,2.5522386080244523E8,-15576.104064673676,-21280.242984740118
2025-08-26,6376,7.925441243878634,-0.24681956875093483,7.843526363827085,-0.5835655593889493,1.376114327889476E8,-3082.2215949396937,-7668.73211624308
2025-08-27,5850,2.102433199985604,-2.1977571227754624,2.0790112493730013,-3.021998598218613,3.443631320589648E8,-75424.27034183795,-103672.94873996245
2025-08-28,4636,2.5270385827769983,0.34536400996958266,2.4140667445461452,0.18046459257690134,4.417102145758428E7,1581.2817899524232,856.0495003478036
2025-08-29,6070,2.4179560506080158,1.213503645708768,2.185662196508874,0.7180808335143505,8.948766210472332E7,11978.947849421102,7421.79544734861
2025-08-30,4120,2.4667999736782567,0.9602811112872022,2.4140033306106674,0.5103950200755775,3.2739735764603123E7,3249.8254827739934,1766.8676731531407
2025-08-31,4070,2.9671784355688624,-1.6893188828331922,2.9517736107567574,-1.872462979390153,5.791265690882051E7,-9728.926977958068,-10789.057538297582
2025-09-01,5849,3.121921564162706,0.7290225290457377,2.951871039424405,0.5276281268905515,8.327528720907511E7,8815.6843412069,7146.911696758995
2025-09-02,5605,3.086517054957115,0.21558844109239414,2.987874263255715,-0.05605407383224502,7.441841634864904E7,1766.2625757709152,-266.06265199438405
2025-09-03,4842,2.5397479475779003,-0.09604724801327019,2.436918894986198,-0.29070312422416,1.4328733222775656E8,-1441.404154468892,-4251.321101112647
2025-09-04,4763,2.611928163749704,1.2501970439668502,2.610130726829736,1.1747391109996148,6.581328028676969E7,10136.057132849128,9659.551265360526
2025-09-05,4621,2.2512998473297046,-0.8839327239388668,1.9244840420877798,-1.68802404464381,6.157626373890527E7,-5403.968111006398,-10286.263070306191
2025-09-06,3242,4.373853516979195,-0.06459970694456417,4.26026565774425,0.4718948359674767,1.7792911822355524E7,-109.93172103561876,851.7112562832231
2025-09-07,2952,3.0264676043182375,0.19939204225132967,2.931135914477976,-0.18199124349484477,1.2972365008905023E7,259.8307082411003,-235.07657788580758
2025-09-08,3552,2.527877030766816,-0.5013249477778727,2.3803510653067397,-0.9822232221113916,3.093862337379539E7,-1546.7248943689622,-3037.902263473804
2025-09-09,3728,3.2119588537428942,0.20431290257191978,3.037932234414896,-0.21758977075601488,3.773487218640794E7,771.3105749545252,-816.1923882291243
2025-09-10,4194,2.9492750229390654,0.5584031361094226,2.9733039805724815,0.32244497378417153,4.063860465718587E7,2286.0587197452974,1325.1456135530066
2025-09-11,4491,2.902037153122751,-0.6024540012721502,2.686416171840353,-1.4768416075173167,5.474512588839524E7,-3128.983186741706,-7838.4989145811705
2025-09-12,5061,2.8704703609499167,-1.4274095822484616,2.8545577407587333,-0.9235870519479555,1.0846885714902262E8,-15601.604354583762,-10016.274849735588
2025-09-13,5178,3.1841357031927577,0.2249995921402851,3.0648647700361593,-0.286506430082161,1.2177291615568094E8,3282.517495174883,-2927.899278118611
2025-09-14,4424,3.139703273384147,0.2503267111690086,3.0159589174994044,-0.17112724962535056,6.332246795426458E7,1585.968295579383,-1085.0533140079892
2025-09-15,4613,13.869295108047519,-0.568997607364169,13.767523112102529,-1.2863751147906428,1.731901946665333E8,-9433.54756309774,-21868.226956622617
2025-09-16,3539,2.7255960754644395,1.2070013828196418,2.6420854600489223,1.0444769521043327,3.645963770226526E7,4611.341422889221,4039.578770669391
2025-09-17,4773,2.5822505415364985,-1.8325517286584647,2.3085088569567054,-0.9365580194994372,5.8009878734578855E7,-10582.049849522995,-5212.1250501353425
2025-09-18,4314,2.943744517574387,0.6747537879242304,2.7774289229106772,0.39545380536506924,4.7134077905361086E7,3208.1659015356013,1889.3102495308779
2025-09-19,4550,3.332041465168441,0.28110367681828013,3.2380107826305107,-0.22036302643914044,3.67245786099115E7,1042.7846605133623,-796.736901686372
2025-09-20,3115,3.2229674935543295,2.2808012028110376,3.1711184082685673,2.395089772562956,1.5888900881854167E7,3628.9938666105495,3811.6841172366976
2025-09-21,3640,3.0862146321033324,1.4633655901072482,2.9549038108130485,1.0892765317706525,2.908640304700468E7,4282.278804480576,3194.489345392031
2025-09-22,6222,2.943007585868059,-0.5836434092475874,2.4213934962888235,-2.475086229852948,1.0098098407346286E8,-5721.7006358631315,-24937.754771403874
2025-09-23,4658,2.3711137992715288,0.6528287427688507,2.2690006111677627,0.38070546274590056,5.055182837288886E7,3302.199583041498,1926.9691135637954
2025-09-24,4989,3.1571185156033517,0.5946338748684018,3.177511748854109,0.9055939273336481,4.717238345177605E7,2956.4407997665794,4468.843801346702
2025-09-25,7535,3.069932564370994,1.7109116905286539,2.942554699317546,1.7775552277981004,1.504524254387488E8,26413.47953653568,27478.26405001659
2025-09-26,5846,3.0027534810008745,1.6910741003389607,2.8481927613434825,1.4229283458233963,7.115595569461574E7,12326.9144275992,10433.282922768143
2025-09-27,4726,3.516604337050024,3.1803372203273987,3.519654915833005,2.970891073662399,3.54498156176595E7,11305.842273752975,10563.594941589165
2025-09-28,4271,2.8721670288192778,0.7692971063144177,2.7239979052298025,0.5584599513609962,3.2426957652184453E7,2504.0825800489256,1808.3646151914031
2025-09-29,4722,3.3381952569958724,1.8706416600746205,3.2491594192768183,1.592018930610668,4.126157872276799E7,7786.172476503088,6633.133702670894
2025-09-30,4287,3.018056942113662,1.4454160163681635,2.8697348891336687,1.1253634391714369,4.438342697731575E7,6534.412674030643,5112.7762243021925
2025-10-01,4705,2.801602859492639,0.5645983189718076,2.735476785756112,0.018294870491868242,6.838269525131264E7,3974.992853378392,241.5791994135695
2025-10-02,4632,3.0129224311186045,-0.1823967019920641,2.8330454133780165,-0.45225989265415195,7.626845136709757E7,-1276.243364042412,-3343.0107000263865
2025-10-03,4864,2.6036342758090205,0.32908324255386284,2.356773948929539,-0.128991541490774,6.49691608558613E7,2145.4425394182845,-821.431892598184
2025-10-04,3428,2.8711772795828634,1.1361753710507798,2.8272082989167595,0.8731671779834669,2.1368095431495473E7,2926.2148597452806,2365.683147986192
2025-10-05,4926,2.7110523811764717,0.7431210186927517,2.479961934733994,0.150962411827439,4.180388721706927E7,3134.2308964236977,654.2595809946647
2025-10-06,5401,3.379247397133817,0.22473006733294848,3.207846822547212,-0.33480954521350065,8.866257507467744E7,1996.3603319982935,-2980.762602477269
2025-10-07,5400,2.8195801282921824,0.6850095251473355,2.6926419806827577,0.2667328797050243,7.607540748523095E7,5270.576333946603,2083.3083128816397
2025-10-08,4772,2.693973782081082,0.09916444836936707,2.6105988182439863,-0.25651079317062603,4.568935053371157E7,458.4691641586033,-1165.420742155775
2025-10-09,5485,2.906030136749144,0.7046472870506808,2.7158517165412577,0.21959802592462555,5.253435175589395E7,3750.438154428531,1199.176204534936
2025-10-10,7560,-6.223791920049324,-19.11778990010027,-5.922248070806305,-18.63579209908337,1.903221260684467E8,-89423.92019006617,-86170.71915195063
2025-10-11,8525,2.6036034762181366,2.4445592369417937,2.401892080143192,2.140965653502371,1.1399369415727478E8,28939.474283313222,25495.400881547546
2025-10-12,7508,2.6356745917862745,-1.4962438255785195,2.374372038134681,-1.2949318368438256,1.3491826370912904E8,-19895.37575798522,-17351.214097353935
2025-10-13,6511,2.4850391237376286,-0.5341892657222344,2.3995307642271637,-1.1421077088279836,8.380985469783212E7,-4448.119598385659,-9513.200347742748
2025-10-14,7521,2.5301078920663977,-1.1065071940433988,2.340900038009865,-0.8966546630206739,1.6323396299568555E8,-17872.10009360842,-14407.106848046205
2025-10-15,6331,2.400099994050051,-0.8252187408401676,2.0966394905340735,-1.6127489577855938,1.1344770611251777E8,-9283.00558447705,-18195.089526572134
2025-10-16,6214,2.4594440391202337,0.053197409145208256,2.1951175023319216,-0.5108943307645067,9.196667669798751E7,790.6360703931604,-4383.902911243029
2025-10-17,6803,2.8171840267755357,0.9245963325986402,2.6334246446151957,0.42845133046433176,7.35505941496556E7,7142.170136567231,3509.166544565363
2025-10-18,3842,2.7703687662834375,1.9520403054242177,2.628336076424685,1.5343337314431573,2.36103263050873E7,4685.083404001379,3701.200928654062
2025-10-19,4788,2.6509032321328334,1.429154764555908,2.5173038915269945,0.9014610431205997,4.599990925913034E7,6596.093178047795,4191.617082527667
2025-10-20,4868,2.5481922644944723,0.686577422850861,2.3633767824754437,0.45291887732690556,4.351464173009877E7,2999.2803112372662,1993.7166312205
2025-10-21,5664,2.768104432879207,0.05384600718508585,2.483908516245094,-0.5890036357652129,6.2808735749059655E7,128.71202903193165,-3925.241727254569
2025-10-22,5828,3.6762875357238705,-0.09196352323534361,3.5153767852277706,-0.2748093422287073,5.4159781019706964E7,-466.7402815605535,-1440.0856437458622
2025-10-23,4656,2.605795676569932,0.7248092011409281,2.341447888091562,0.2827000110881793,4.9802108006689265E7,3644.566539940045,1443.3934351054463
2025-10-24,4598,2.3178270246001533,-0.8132151883962399,2.2478363972920037,-0.05182776950223784,5.542933263001563E7,-4479.991017578922,-234.074386040378
2025-10-25,2855,2.4483015363835894,2.295749648290164,2.3318801733607493,1.9723512284029765,2.0819845254748363E7,4864.6614771071745,4190.361803858396
2025-10-26,4101,2.6889837130112433,1.1527773363836804,2.5048969842794144,1.0887720724830094,4.384431006035534E7,5281.568466363595,5037.646527112309
2025-10-27,5232,3.3348566291680783,1.5967376983641992,3.1673297080226575,1.259160387703741,4.735431350670823E7,7704.350320576348,6103.915251016382
2025-10-28,4935,2.3378721764743875,-0.5139841937439299,2.202044301136438,-0.9377853088809837,4.477320187773107E7,-2238.1778941698367,-4112.915250311288
2025-10-29,4745,2.164884480423697,-1.08172469116593,2.3796081480295825,-1.1952870872215722,5.470336192330232E7,-5894.462598865644,-6534.591238526464
2025-10-30,5774,2.390226900495168,2.0567203782580923,2.20702948156058,1.6641299549519082,7.596231716324864E7,16268.48210999551,13289.234524723057
2025-10-31,4656,2.2478060210058732,0.23267605881077785,2.0193070914550666,-0.18582051048823187,4.315016536623803E7,1167.1997207575284,-634.5260386334235
2025-11-01,3480,2.785828491928866,1.5783976281711978,2.7146500564482596,1.47279741456576,1.62833076387557E7,2583.13482908358,2411.608374249501
2025-11-02,3851,2.987043462704715,0.9009575966820244,2.870710447717014,0.7107990843629228,2.4334542643517718E7,2335.044805014389,1869.8410774664471
2025-11-03,7452,3.4715127203650944,1.2271896365859063,3.483325217026517,0.7207611993812688,9.529818320015575E7,12200.29849334852,7357.622183926425
2025-11-04,9252,2.651406664587748,1.3659632240740767,2.519049322311764,0.6568335450895322,1.5965603589260438E8,28388.617652620538,17038.719785282927
2025-11-05,6591,2.521707978122597,0.28648279658626463,2.5046343269506326,0.23791600701592203,6.628314321903596E7,2093.6442927921153,1762.60276951153
2025-11-06,5370,2.384665276374069,0.20218856504065455,2.2563621047653375,-0.1187118786554808,5.24790366631963E7,1089.096605447455,-599.657302726994
2025-11-07,5898,2.4675923124802344,-0.3133561283812989,2.1642172620542213,-0.9673265052333727,7.395960520550121E7,-2245.972940209701,-7077.133710698656
2025-11-08,4504,2.6732198823644424,2.0527700933364823,2.5322985327916205,1.8463486727354872,4.178360852509869E7,9651.523449386295,8795.04771888232
2025-11-09,5296,2.7821643515938312,-0.007792917843647729,2.6413572203443185,-0.6790412204219275,4.17702021495706E7,-112.29980777027095,-2936.6400650376313
2025-11-10,5169,2.169434283090067,-0.023854311983540738,1.983761551330491,-0.4547881440706106,4.8777375969627455E7,-117.15292572412808,-2230.714865739749
2025-11-11,5916,2.47911189567541,-0.3436092324094539,2.399060221235371,-0.7881980776866991,5.708072759832623E7,-1908.4832897773888,-4446.737675971099
2025-11-12,5959,2.6242589380034693,-0.5686520850672572,2.372614263053069,-1.4035257535633292,5.684188679506231E7,-3200.5846129840547,-7946.531596005032
2025-11-13,7631,2.760002276599191,-0.4424038181794192,2.603385402362219,-1.1392460848374824,9.252463051439577E7,-3889.6550470899992,-10311.289056126645
2025-11-14,8914,3.0946422284449002,0.5994558546366454,2.9504670949210183,-7.642589532242585E-4,1.545123782701709E8,11450.395810654427,2256.109239952597
2025-11-15,4752,3.971241084789895,0.4746014958201928,3.7007996533236627,-0.10459582295676703,3.3793877749990895E7,1662.553921928422,-295.34527588805037
2025-11-16,7880,3.067949722624219,-0.20872550382073476,2.7574595552400765,-0.8665302118865651,7.813718741551016E7,-1197.8507842485014,-6274.084537181915
2025-11-17,9039,5.422479109545004,0.7040672812842925,5.202914392643681,0.1703474735317043,1.0314573686404517E8,7718.5989319949385,2391.4644977367016
2025-11-18,8422,3.0118912615535995,0.9276875433747367,2.864646887696733,0.7320461540463302,8.873119862648453E7,9006.059022570022,7262.5754342536475
2025-11-19,8203,3.462745687776863,1.121174822279172,3.282563810546041,0.9682398843701857,7.939337538978814E7,9317.055137664744,8092.828524584692
2025-11-20,7974,2.833017213775978,1.7458308736021704,2.5091336682077143,1.507456176493852,9.124452217780106E7,18021.299515398066,15795.676023926528
2025-11-21,10864,2.033138271052103,0.5306073061812082,1.8105592390051664,0.37825775290808866,1.3200103922181435E8,33486.40279332192,32036.497508483342
2025-11-22,5956,3.6703581312008318,1.8097931002921832,3.3954614484924526,1.3428779688359658,2.522608628689432E7,4737.073577367141,3550.5577628452197
2025-11-23,5469,2.7788312409514933,-0.16339339756828367,2.7211106510280727,-1.0555117019544717,6.029625467472659E7,-803.2717157100287,-6184.723130679344
2025-11-24,7015,3.0998185255566644,0.7684941547751101,3.0725903284470957,0.333125309520201,5.285606088005171E7,5133.652727420073,2794.7647835793414
2025-11-25,6331,2.874908563100068,1.9714328812783888,2.595041495617797,1.526602266309575,4.3768685696494795E7,8760.948141511031,6818.08654079178
2025-11-26,6477,2.80956326138789,3.4611290664067402,2.7178041704377103,3.1819984574841698,4.501571569578002E7,15582.234011474617,14324.51091823932
2025-11-27,5289,3.967823045295465,3.7963420794643232,3.813436915463151,3.756337273570852,3.4424091624979965E7,13405.841786296827,13273.899082811633
2025-11-28,5334,3.857033842177263,3.0165685636852997,3.7453735974085225,2.94144192678134,3.666897032252014E7,11031.345409470363,10711.70598713752
2025-11-29,3838,3.204997833811723,2.807896797056998,3.074321596876004,2.700586973472982,1.696054432580926E7,4794.3223915707795,4612.793411717803
2025-11-30,3650,2.9593792533628354,3.466634556986231,2.9100905298222632,3.2993017642492473,1.6373780344147956E7,5708.922076488884,5435.391919312834
2025-12-01,8773,3.0593481607500257,3.097457207841239,2.8372817453144763,2.732648880118301,8.314685948196848E7,28888.29563473825,25636.73692781391
2025-12-02,6114,2.84993847539399,1.4835554628576995,2.667120697537607,1.1972260115256244,3.3371038836319756E7,4978.002891380545,4038.4952579148594
2025-12-03,7093,3.7346924505606567,0.7159886575534218,3.6075067432987353,-0.03808112693104417,5.19238195591397E7,4285.161450455336,333.4864610345171
2025-12-04,6710,2.7762404658458517,1.5815782873337954,2.5894928244762814,1.3234541031345877,5.227935123657485E7,8382.12942885143,7025.32333675747
2025-12-05,6343,2.733170270452523,1.139722807381877,2.5620869672486535,0.6831736213393219,4.747096295892435E7,5875.579013011306,3678.1845070745653
2025-12-06,3610,2.629529841261169,4.818478879809698,2.3738200018216573,4.518889121309077,2.1118525993221916E7,10416.656627999135,9786.804125805857
2025-12-07,3903,2.682143597558852,-0.9025074363116012,2.8120697538536343,-1.103731115844807,3.593304192774529E7,-3507.049692707388,-4134.9643041665795
2025-12-08,4192,2.2890014893048636,0.3927771901845904,1.8783371067368047,-0.3073778739731032,4.2720917223602936E7,1801.3797118848856,-1204.6875702996172
2025-12-09,5629,3.13964054938938,1.2127433483706547,3.077584356920241,0.6664572555700236,6.152951427047785E7,7674.8757162176935,4206.182411108396
2025-12-10,5638,3.3078786104779514,-0.26178360510789495,2.8921670840116387,-1.1080501090498442,6.642864481536394E7,-1667.7211512291183,-7228.2520844271785
2025-12-11,5845,2.579507786521512,0.8470734472856248,2.3158155542030654,0.3018079719950537,5.518744024123091E7,4743.620671530202,1742.6424980765864
2025-12-12,5085,2.8161175459202172,0.4846840926942033,2.871744942592715,0.03238986367988282,4.1333636683265716E7,2178.2036078198494,272.2078674613063
2025-12-13,3085,3.0895123215362377,6.736836011728836,2.929066126582962,6.596367982902971,2.048908048717588E7,14292.317438516648,14001.66895255056
2025-12-14,3636,2.4219611847659004,-0.2855923464668365,2.112489824093324,-1.0003540670912048,2.340544725938803E7,-660.81453768956,-2326.6740635449773
2025-12-15,6398,2.870618982673704,0.5385185228905491,2.988600012436388,0.2688707655010748,4.661331123472798E7,2836.0702814410834,1546.7324568642705
2025-12-16,5664,2.4199811268509914,0.4633873931560647,2.215399083351636,0.284492556442378,2.8653585717878327E7,1378.8482725930699,877.5201239413763
2025-12-17,6374,3.014440798115503,1.4110451558623947,3.008364217676363,0.9621868822949252,4.021203709860508E7,5506.206041985498,3731.438446770427
2025-12-18,7187,3.0752484541426797,1.2021593309612864,3.1061467267079377,0.9979359844680153,4.12928288767059E7,4723.661683277766,3929.5149685418537
2025-12-19,6106,3.1625001444688623,-0.1991433904680852,3.013625621955828,-0.6754312356968736,3.1730501843091838E7,-711.4279147077398,-2269.440089947154
2025-12-20,2577,4.267886834121807,4.246093131489848,4.176853451481965,4.263602539722762,7125593.644682005,3133.445816815821,3146.612625592575
2025-12-21,3277,3.8188094086072795,1.812794516106787,3.605677362694981,1.5865502540498915,1.216908995283249E7,2351.7107755133297,2072.146212388814
2025-12-22,5812,2.787625958289329,0.9291480954022766,2.446986285891039,0.28104516051619044,3.763038014587173E7,3513.686175624112,1096.5570300145268
2025-12-23,4839,2.620414220771899,0.9124055053818685,2.3899772093229474,0.3142904333470971,2.3383777040706307E7,2140.3951282800786,737.0226807884026
2025-12-24,3891,3.6407383156807938,1.1309837051179816,3.4831291343766733,0.5415793292044143,1.5730978923432926E7,1828.1261923866678,900.5148180887768
2025-12-25,3734,6.729077911017129,3.989772678521858,6.580521489976862,4.0138720943235064,1.599478361840541E7,6439.433510532057,6481.017761814064
2025-12-26,4132,3.1942115753764786,1.409697620473741,3.3834812543272728,0.7799955263604692,1.9340524380513657E7,2669.934295153759,1452.5291424959232
2025-12-27,2593,4.859300445178425,0.37219029788145247,4.7996251890493,0.10548115629861854,4532312.485758269,166.2652641447581,45.500046045400815
2025-12-28,3088,3.7169933908591455,2.3730491020851656,3.5950002377682417,2.0789819711988877,8094644.63014965,1934.2903014653527,1696.2691675759745
2025-12-29,5245,3.5799179326196646,0.7990857012766802,3.390069292374275,0.6611718919446625,4.195057552228901E7,3437.0625724374167,2872.336257500415
2025-12-30,4229,2.5789853750889327,0.8145145364055578,2.4714289588716793,0.23588510123754483,3.202917381632962E7,2700.0710630722338,854.8955373431043
2025-12-31,4055,3.114476162191311,2.6875074595136095,3.1266256913702186,2.5392736425972013,3.810682412732836E7,10612.87934590241,10041.169311346655
2026-01-01,3083,3.037154693638694,3.8471350379630773,2.9819484897737887,3.74363885806013,1.24436595554912E7,4805.015106892577,4676.412516243183
2026-01-02,4819,4.995342329282443,-0.31980017508772024,4.776182978700949,-0.7232852788255049,3.047529009105913E7,-1037.2041739133144,-2271.5614471855138
2026-01-03,3070,3.0062301487552543,2.466588954845193,2.908171367546919,2.437942354004592,1.1652703282725858E7,2918.5279090200575,2886.7411619774825
2026-01-04,3324,2.663770730477012,0.2441511972792798,2.557813580234282,0.04224595437925336,1.4800128135066321E7,360.19283955207544,59.91946607648022
2026-01-05,4954,2.6728397961155426,-0.21335870136347082,2.625951295139175,-0.3777641432650888,3.8601913551862925E7,-852.4080083020071,-1475.1357206580049
2026-01-06,4637,2.585447963720341,-0.3077176982298834,2.5075889591497575,-0.6263229995256077,3.907062624310587E7,-1266.4555867873023,-2510.398516947348
2026-01-07,4348,2.477832189160015,-0.1178877318225922,2.3849402666484063,-0.4186414320453781,4.588157936538411E7,-532.7210038299393,-1918.3771199840908
2026-01-08,4418,2.408119522016755,0.47267584720216904,2.283099449190579,0.11512027331442036,3.6643369090852015E7,1715.5701417523114,407.6758789341155
2026-01-09,4146,3.1253933774330616,-0.3045253928450208,3.031737450485584,-1.4780189777200856,3.3409359286627516E7,-1037.974534817219,-4955.7195790354535
2026-01-10,2619,3.5656295181940014,4.2257123202959965,3.543486753394436,4.196491315150618,1.2335437717942141E7,5261.808834943129,5225.816719657462
2026-01-11,3238,0.21987714126217403,3.5800496690381407,0.09013257473818456,3.5242702003456796,3.8435628021412455E7,13901.719544343712,13687.752520938004
2026-01-12,4331,4.874712508411256,-0.6018177353113451,4.685328893956231,-1.0638549343867156,2.893308911616384E7,-1750.4135630681394,-3085.6903029557675
2026-01-13,4596,3.449532370320434,-1.7947721897072615,3.7604671959862612,-3.282070856395821,4.61615344245267E7,-9260.454869921903,-16291.516397090907
2026-01-14,4985,2.93553268984161,1.6817423222443442,2.8492052012378344,1.2519260977097022,6.146377251520613E7,10599.036179465587,7945.516753230996
2026-01-15,6728,3.114648592429978,-0.19600816104471566,2.973518010440468,-0.7889402296317407,5.112725083403095E7,-1017.9547505699287,-4051.6472511140128
2026-01-16,8026,4.354280536058087,-0.2751145273367384,4.313291949979065,-0.730300808210802,2.6496458564394657E7,-735.9906806403617,-1938.346868377282
2026-01-17,2428,3.077569265207735,3.211615049678391,3.095422518471865,3.1950773757178563,1.55665164014495E7,5108.986020135828,5078.087020968501
2026-01-18,2892,3.3990797035865965,0.41554279970152613,3.1704503995036757,-0.8210630224223638,1.7474130207375307E7,721.954654442722,-1448.312268183861
2026-01-19,4419,5.038360497432403,0.2895767550097707,4.9150427949340685,0.273723364792091,4.63324043582417E7,1291.1596083357094,1215.402757161041
2026-01-20,5433,2.5397675027110176,-0.032143779292140635,2.4048424465792433,-0.9432937860382207,5.128141046558721E7,-199.54872871443104,-4871.0345410718555
2026-01-21,5591,2.24464046128497,-0.9446196394827895,2.052679817018282,-1.6102719868868407,6.1631265581081845E7,-5909.725051977444,-10044.89126342932
2026-01-22,4346,2.998549947322538,0.44282170412431743,2.856665865462524,-0.13599805537307624,5.125596882672015E7,2310.748826245264,-660.2566402690494
2026-01-23,4054,2.1851363294536337,-0.4996791901557749,2.0228204408997774,-0.9373470309152061,2.526954522682439E7,-1256.2810328994972,-2356.931872156592
2026-01-24,2232,3.686340177758072,1.5488958986974788,3.6260406939563317,1.6245975564642174,6177471.762179757,973.4016346269566,1020.2290059533983
2026-01-25,4928,2.017122676648423,1.6825330062176471,1.6991917542820787,1.5852211926070694,3.3324028370192137E7,5766.636655773626,5442.233919161455
2026-01-26,4572,2.5435908208209552,0.25575990586579617,2.456448587616715,-0.3342694002908808,2.6673222200306505E7,652.9372143616408,-914.3537186055456
2026-01-27,4354,3.932639474076876,0.5527794576643522,3.8162458400308035,-0.3786939108493733,2.716060510010563E7,1459.0885018094511,-1083.3773415774888
2026-01-28,3654,1.9149084477569853,-0.5118149409308745,1.6744291560665903,-0.8074167740172089,4.388110520327083E7,-2234.14717520918,-3516.3629098196457
2026-01-29,5185,2.4670532175338895,0.525954434014514,2.1150260638714333,0.34786534906661926,4.425409028901069E7,2391.373702455188,1615.9555877939106
2026-01-30,6731,2.523181971469233,0.20047556447292791,2.0490766827795808,-0.3251024899613861,1.3887120177714002E8,4318.0122957063295,-2840.305165922324
2026-01-31,9465,-6.614518890128015,-12.302329516137645,-6.277968989927741,-12.025083964899666,1.4901630337470207E8,79592.37132291285,81875.49945090119
2026-02-01,8077,0.3452723990311141,-12.876350654696198,0.027462181768517613,-11.246040906471396,7.156755956810278E7,30358.64606561703,43032.36025124396
2026-02-02,9647,1.1791924270790124,-0.8790443028367096,0.9180401474114925,-1.5675823529190067,1.9003092209504083E8,-1572.7037777563232,-13833.766175015478
2026-02-03,2198,3.0019082904639154,-1.9252877971407192,2.877324392099208,-2.014152346441705,3.859714342726303E7,-7457.327053950627,-7983.340149254327
2026-02-04,9388,2.4804424022556537,-3.9910036765769736,1.601556727658053,-5.152932037211541,3.948649302325149E8,-157887.7495428643,-202928.55243504592
2026-02-05,17773,-3.269568970503373,-1.9197430130371054,-3.9072241025732826,-3.113033561462197,1.151608467089902E9,-111030.01644762576,-248549.12106021986
2026-02-06,16036,-2.144965760243352,-2.159685922126977,-2.402355064455191,-3.0443820990283696,8.28575449709746E8,-123684.09103410537,-196466.32536681867
2026-02-07,8951,1.9004147178099424,-8.689051135526007,1.934087118462965,-2.067541993169321,4.194142751847752E8,-364986.9505274933,-85494.21158894013
2026-02-08,7697,2.8077366137709827,-1.0687196622698862,2.6614975052634793,-1.5529817633559746,2.455217800973037E8,-25809.82089831391,-37589.52793785276
2026-02-09,9012,2.9595746212715395,-2.7167993738300225,3.067138807413283,-3.754965127443733,3.0598895396660364E8,-83215.78521641955,-115052.18636231383
2026-02-10,8301,3.198397460498082,-2.310381489457636,3.309754913059276,-3.1082365936186407,2.816946224030477E8,-65313.40406607454,-87790.31277199656
2026-02-11,10650,3.34490662443396,-2.526879837586984,3.2133126134929424,-3.5022756109543938,3.9442518667347336E8,-99177.05877637381,-137886.68417197492
2026-02-13,8219,3.1448682586924126,-1.6433409414036453,2.7375912085212253,-2.1891884154867727,2.5564638526507118E8,-41840.59681287797,-55816.55378016449
2026-02-14,6641,2.5826743679571815,-0.4775733469562076,2.524671691358158,-0.6529602672843617,1.040645404080622E8,-4982.894778080218,-6795.778084582722
2026-02-15,9100,3.7644386788796216,-2.426580480492659,3.5792259388306853,-3.5014744970716505,2.4908170086118484E8,-60433.40315487936,-87218.55126551364
2026-02-16,6842,3.0738373195681117,-2.5391552245236824,2.753565864757276,-3.844190522750902,2.1862145516364276E8,-55604.0776774282,-84113.39703738443
2026-02-17,6418,2.701249519978893,-3.1159962382900437,2.6844724818919574,-4.46058121599115,2.3067105044281662E8,-72200.77935151271,-103367.66756141286
2026-02-18,6359,2.856046820322567,-2.600642410963775,2.811598935430859,-3.4209028251899762,2.0674444376703042E8,-53925.285728145514,-70872.03198961764
2026-02-19,7271,4.293035843012796,-1.4394853488145891,4.137242812265544,-2.2092466411581237,2.2436205940464512E8,-32405.465457024664,-49723.93141978556
2026-02-20,7701,5.204308210767408,-1.8540722122872688,5.074171188226672,-3.210274306697324,2.316844167600979E8,-43204.13020394821,-74695.55748298879
2026-02-21,3859,3.654330568953747,-0.400895823028717,3.5576537020829933,-0.4630096430583484,7.113897416182768E7,-2869.5484965314154,-3301.3016706572334
2026-02-23,8790,4.524673077865109,-1.0212169980710322,4.568676603642916,-1.9481922373448226,2.138276221680547E8,-13207.302347983272,-33492.91265649331
2026-02-24,8412,9.20828749683438,-0.6026615658580404,9.03957200378864,-1.0474099439259912,1.35854528919642E8,-7475.77968160576,-13466.893393517821
2026-02-25,10203,3.4499325892846766,-1.9282586981153589,3.7224426839755758,-2.8108531387672624,3.58859636829985E8,-69175.16433722059,-101322.97963355079
2026-02-26,8485,3.7424269905340855,-2.0165792860107343,3.352960978542705,-2.4885027678229044,2.973919449139454E8,-59723.41808541894,-73742.32867988253
2026-02-27,7839,3.2768224912619046,-1.9419147735791296,2.9550713664606367,-2.650524407099951,2.92890152468637E8,-56957.175148801914,-77651.35685138854
2026-02-28,8609,3.8537839957946125,-2.147428832109391,3.707526067048749,-3.3065816978665743,2.7245604313808554E8,-58318.110208497485,-89734.24312326829
2026-03-01,8140,4.266955024724131,-3.9525882097424607,4.140275155825197,-4.629355456006405,3.9468922085612035E8,-156986.69910423039,-183302.251346068
2026-03-02,8456,2.9957033546254186,-2.151907920423129,2.848189046218043,-3.0708211144398176,4.150682857335125E8,-89132.0561954572,-127373.36361716205
2026-03-03,7773,2.8405043775184082,-2.504749364073774,2.709535138208315,-3.2246948589763753,4.054102263975135E8,-101635.73840682037,-130836.49172283037
2026-03-04,10080,3.0011036058000173,-1.7792395959942384,3.107483293539661,-2.4693589204377884,4.5792882756895727E8,-77420.44353677174,-109567.5517776818
2026-03-05,7134,2.5969189841842053,-2.223620612030823,2.58340928573512,-2.8184975935854912,2.7429748506537974E8,-61140.63124492191,-77442.28852444043
2026-03-06,6512,3.3991738346525167,-2.1714004402512934,3.167573481068712,-2.49808601313544,2.364201845640963E8,-51493.66944488037,-59238.81548736083
2026-03-07,4614,3.8331041668666743,-1.031660844427807,3.76690392495443,-1.3055926981788828,8.437604686160824E7,-8737.676227748232,-11041.55176309499
2026-03-08,5968,3.2711013849339543,-2.491145003235357,3.3217100908390784,-3.2322952049722415,1.9238695495123377E8,-48357.41141594241,-62682.219551035065
2026-03-09,7613,3.3074227122288717,-2.8336108846830537,3.2830095644222936,-3.2558941668177495,3.2180419171182823E8,-91381.58342610265,-104831.01373326099
2026-03-10,6540,2.7170286441885114,-2.0656245865956313,2.757089810541139,-2.5519081139401645,2.5855759807750514E8,-53581.35646417682,-66172.80227205914
2026-03-11,5426,2.8219633221306717,-2.295351033901263,2.8033203822791073,-2.843619864435085,2.0543689514078718E8,-47270.72999381702,-58487.59141348485
2026-03-12,6396,-0.5257630750566588,-10.010990223020606,-0.7504607932486417,-10.370935521340689,2.7645326491201574E8,-10541.349134123535,-20163.22732720463
2026-03-13,7386,2.9012058763873965,-2.200077403790364,2.7994346458343573,-3.1915975976527284,2.620859098868632E8,-58208.252711473666,-84273.45268890086
2026-03-14,3850,3.0566686262456018,-0.9867211840387612,2.9895334607568778,-1.089081845007307,5.498429856434714E7,-5442.640048088601,-5999.1056604899895
2026-03-15,5357,3.1190179387253005,-1.931258189197108,3.041257441883916,-2.9907656165155037,1.2142590291737905E8,-23663.76829001075,-36520.09355448875
2026-03-16,8808,2.98267883102235,-0.1444451456623718,2.8304764246065854,-0.5847551115762569,1.3680218652797082E8,11245.461052882605,4850.530005628637
2026-03-17,6379,2.609728406684913,1.0903012979872,2.212677643124051,0.7971476631287993,7.760216385573779E7,8727.246214706913,6494.631212467359
2026-03-18,6440,2.460929423328399,-0.7346441834752042,2.4254479564522877,-1.1798578850394803,1.4341310462136155E8,-9912.839027746353,-16310.792632015016
2026-03-19,6694,2.7540929283055258,-1.6022874437421106,2.4319938952816735,-2.251363303771982,2.326579781598169E8,-37418.70616657123,-52483.812278409394
2026-03-20,5492,3.305590340026719,-1.7140708529853228,3.1676411263431192,-2.1864970660476626,1.8959626863994947E8,-32608.305329703944,-41534.19985531781
2026-03-21,3395,3.7711302210072284,-1.428052743549502,3.875477170580466,-3.4446567209197068,5.7606462518480144E7,-8508.335479628839,-20278.36195923553
2026-03-22,9185,3.714653564876119,-0.8802693409485888,3.573346225418147,-2.465473629405533,2.088957056313999E8,-18350.94471893022,-51487.58468776592
2026-03-23,7794,2.515188123897367,-5.9300448364752505,2.461438797689927,-8.097875514004322,3.479507219651687E8,-204388.71358398662,-276580.86748257256
2026-03-24,5723,2.449186751779577,-2.1621757347311825,2.2372791842910837,-2.7842038188217626,1.8321529595285478E8,-39719.28925914354,-51072.228913825995
2026-03-25,5080,2.392497570096862,-1.8708511854282814,1.9850414865927823,-2.074441638255616,1.390470213789901E8,-26068.107547318996,-28846.586215157695
2026-03-26,5679,2.4714513209770623,-1.2691546753958347,2.316097056410234,-2.9297735577752615,1.840239557583456E8,-22559.46047990008,-53319.4868887333
2026-03-27,5398,3.0691717543325274,-0.1380261967973905,3.1913195772181124,-1.411679639894505,2.130354612438965E8,-68.4453470762084,-27488.265628739162
2026-03-28,3619,3.9170133477425475,-1.6382904064959092,3.7809310399699725,-4.833016360847459,8.898883486898805E7,-14781.760470945826,-43323.55440559565
2026-03-29,4207,2.9904377277878944,-1.9121630055555103,2.5694926140434173,-2.8855197871473304,1.3516226218319994E8,-26066.552216722757,-39247.70097651896
2026-03-30,6241,2.7249833198357742,-1.9932746404128683,2.5708805123239906,-2.6754393208121954,2.2031697277195814E8,-44232.85848980864,-59278.695314087294
2026-03-31,6382,4.130656192032178,-2.161522729912009,4.075617724155719,-2.8251002855941003,2.6002129967550996E8,-56526.52013780315,-73851.28501451333
2026-04-01,6563,-0.06793134192121145,0.9169801886139606,-0.21622026816891396,0.808659481431605,3.297626401339263E8,32184.349953610214,28495.120820979344
2026-04-02,5386,2.4521345790504308,-2.1726654801585874,2.3178272543631047,-2.3867652677098494,2.2457179931917349E8,-49184.58421573911,-53844.96712769188
2026-04-03,3061,2.345355774285528,-0.4422961994749744,2.1876430657377406,-0.6382571647338889,9.307941072704631E7,-4023.071997649386,-5830.137608394637
2026-04-04,1791,2.8084086314734726,-0.3143949143823652,2.6778730207534034,-0.8288603781696292,3.640934134448698E7,-1151.9664469062427,-3012.9978433098395
2026-04-05,3351,2.6618439353343923,-2.628932990788495,2.426010937776546,-2.9852994899246688,9.412822282236764E7,-24875.164667313245,-28211.381929077463
2026-04-06,5118,2.8414967575975676,-1.921020404222045,2.8815056089766693,-2.113140008726735,1.971707406310777E8,-37943.15076393371,-41617.20329998493
2026-04-07,8068,2.821017883299398,-1.8636812160579121,2.6540693090947594,-1.9596977679822942,2.411941862726896E8,-45844.1281860217,-48381.0322480549
2026-04-08,6381,2.755449161877446,1.0165154465649795,2.659009356431999,0.8867013487862301,9.227806703121094E7,9514.899200815837,8311.17191670204
2026-04-09,4805,2.594312382306408,-0.4917436202463707,2.3608337758228988,-0.865702123934031,1.3405510612845424E8,-6636.832193465236,-11650.69770968501
2026-04-10,4127,2.270477235451611,0.34530507701112545,2.1432915752256267,-0.003326780262817228,7.920223812813161E7,2731.083354376483,-26.118715480465255
2026-04-11,3381,2.664083648858117,-0.11133229381755833,2.301976285308795,0.07852116851672299,3.8480422071247354E7,-493.96089922845545,245.37332531665334
2026-04-12,3421,2.732536379834235,-0.09234275470616624,2.481329249493482,-0.9391687464152438,7.509535065897942E7,-646.5905174281303,-7010.863293743007
2026-04-13,5153,2.523027962665735,-1.0034435598991458,2.3594288531980068,-1.0221088001581984,1.0231337826355407E8,-10534.478773366689,-10768.557776178674
2026-04-14,5555,2.15490005008769,1.6520270529683436,1.9841209614476405,1.3961179202936298,8.152945255256745E7,13870.078467720987,11780.650362765515
2026-04-15,4514,2.331515394728748,0.8962578580008745,2.1106003640009083,0.482402628768045,5.261833016986225E7,4742.748071561507,2562.1731352259394
2026-04-16,4292,2.3606602907744336,0.2738696553075793,2.188926691943092,-0.6669072017122362,5.169491657000101E7,1382.3885037731598,-3499.9103139098906
2026-04-17,6085,2.921967634311659,0.7937256282728344,2.5334975037418066,0.35311949737542153,7.193437894217114E7,5662.841797633925,2484.2829707844
2026-04-18,4687,3.3640908481432032,0.02475858354202871,3.3640637646840754,-0.16689592240532283,5.0980656785184726E7,12938.216781520643,12004.550802305412
2026-04-19,6813,3.0975936510372817,2.403314621390481,3.018910706994427,2.1522088721001165,8.162792316666564E7,19917.43105568452,17872.83096922274
2026-04-20,6004,2.655091501059432,1.6226481714576033,2.5190801350343524,1.284328798327865,8.13080900495751E7,13360.293043962562,10641.157229097586
2026-04-21,6739,3.6090003989021358,1.1647050390748646,3.555788640981428,0.8562318907142448,6.52372020431604E7,7603.475368248758,5587.177070069239
2026-04-22,6429,3.3408332495635578,1.1951964975621212,3.277314756898159,0.8461428484011887,6.8155751920747E7,8146.903200238066,5753.739981428997
2026-04-23,6637,3.311593459692272,0.38186828761669844,3.325651933198005,-0.046500029049275145,6.567557211842975E7,2489.3228109508364,-329.479550262664
2026-04-24,5441,3.6948922505949815,0.7311843866023401,3.647852104219788,0.43050198627477343,3.8010939795271814E7,2789.4246648352496,1645.4182027300064
2026-04-25,3979,3.9850324887793414,3.7795451627705927,3.9581973387298266,3.723652843086224,1.4489504103757655E7,5509.394278705768,5428.668115627033
2026-04-26,6118,3.876482467727272,3.322152834950782,3.8084578371136972,2.6163366080366184,2.8321138155263096E7,9869.65244065184,7881.1733244838715
2026-04-27,4293,3.063911400269218,0.09813547928135413,2.978449977557093,-0.7168983133364281,4.043193535502713E7,407.6809162920189,-2905.958835435778
2026-04-28,3166,3.307753699857714,1.0797017422928805,3.1015537967256708,0.8058255206447772,3.406946472111959E7,3769.23020097793,2837.7184320994447
2026-04-29,4927,4.045077558730257,0.3057338106207274,3.9470801189950335,-0.4531290960234554,5.170625977502464E7,1575.1160542624284,-2373.525826288822
2026-04-30,4532,3.1905542272306207,0.3316167544276967,2.9797296494685006,-0.47444300578580967,4.2095122864265636E7,1560.2076526297815,-1837.159282744847
2026-05-01,3417,3.4811676387603003,0.5776695875018661,3.3667486284154173,0.025865509011282813,3.6441629761523664E7,2110.293364086249,84.37385781375406
2026-05-02,2627,3.5985429320646842,0.45068610118370167,3.798274920283232,0.3810292326722039,1.365278410992601E7,608.7581596986745,516.6995825112504
2026-05-03,4235,3.5261610831315737,0.10318659490605875,3.387946272557471,-0.9368257960703726,2.4550624362420853E7,247.59140236872173,-2308.4820748265106
2026-05-04,5875,3.240548123485575,-0.5499937706292503,3.248714070245696,-0.7233794896072171,7.181987113576148E7,-3983.8983327494375,-5239.544242983167
2026-05-05,3959,2.9828424774477815,0.2736163985219142,2.760835060710864,-0.23703731714477214,4.580345282929465E7,1241.8082775062467,-1097.7906440170161
2026-05-06,4557,2.8990782982086203,0.1765981940069306,2.7499889891013805,-0.21026691218086285,4.9434115424660586E7,864.4863391731213,-1044.8024732535407
2026-05-07,6323,3.6367946474272803,0.8403299513136053,3.615892938353444,0.4363735194032301,4.48200973535348E7,3766.7164411144963,1957.9232259051553
2026-05-08,5764,3.845671472587508,0.16564956887622895,3.751015921444602,-0.1249182441904657,3.553262728118712E7,642.5968934846151,-389.5122926180151
2026-05-09,3886,3.796076207771151,0.9270187524709262,3.720334241843708,0.5158665649982804,1.4623794453043245E7,1358.2667658390505,757.1692228182598
2026-05-10,7643,4.181126446107462,0.4495244357909501,4.088255233236513,-0.11969478826200476,4.09245901832399E7,1841.678434984461,-497.6552594371018
2026-05-11,5750,3.8116752744174076,-0.04451022844221821,3.716850655848647,-0.5455255248496956,3.907052805399907E7,-170.65405384675995,-2127.758908548914
2026-05-12,4006,3.196119631500051,1.0258421080935285,3.1101464044393072,0.616420876277097,4.452586278676399E7,4811.2425320636985,2986.732285110449
2026-05-13,3746,3.4376590533515006,-0.5004224026933421,3.3407174355911318,-0.7585543318483245,3.158558926969374E7,-1593.561298484082,-2404.6643991446476
2026-05-14,4021,3.177761044585669,0.5907506151941154,3.027051696426276,0.07939013255639996,4.767404534342212E7,2834.2811838950456,394.61483797051255
2026-05-15,3717,2.7802139885705794,0.5892800979391674,2.7341558677916837,-0.09538065065166336,5.0018280738003135E7,2957.2522783649115,-481.4085727371609
2026-05-16,2893,3.130680981355034,-1.0334394253926067,2.8647845642312078,-1.6512121577945076,5.880976179675995E7,-6160.119449986068,-9742.466570607214
2026-05-17,2832,3.896729970732298,-2.8153731105175983,4.312263315456287,-3.890733824965345,8.814624230386989E7,-26121.06825672656,-36073.64523857932
2026-05-18,4760,2.4839668752033357,-1.3206656824375265,2.1671841682425375,-1.6316356080178451,1.8058730775145674E8,-23980.579902721343,-29570.430671643175
2026-05-19,3319,4.293344301676029,-0.6530953572060828,4.037862030448943,-1.2564968717414151,1.1007160438308729E8,-7193.450843522835,-13828.942343845205
